image_no,country,file,sheet,question,option,answer,score,What's wrong in Question,How can I improve the question,How can I improve the Options,Correct Answer
tai_chi_8.jpg,IBQ,China_IBQ.xlsx,Tai_chi,这位练习者使用的是哪种类型的剑？,(A) 武士刀 (B) 建 (C) 军刀 (D) 弯刀,建,1,no mistake,no correction needed,no correction needed,no answer needed
tai_chi_8.jpg,IBQ,China_IBQ.xlsx,Tai_chi,这位练习者正在做一个以平衡性和稳定性著称的姿势。这个姿势叫什么？,(A) 马步 (B) 弓步 (C) 起重机姿态 (D) 空位,弓步,1,no mistake,no correction needed,no correction needed,no answer needed
tai_chi_8.jpg,IBQ,China_IBQ.xlsx,Tai_chi,剑柄上系着的红色流苏可能有什么用途？,(A) 装饰与美学 (B) 为了提高握力 (C) 为了标记平衡点 (D) 为了提供关于剑的运动和速度的视觉反馈,为了提供关于剑的运动和速度的视觉反馈,1,no mistake,no correction needed,no correction needed,no answer needed
tai_chi_8.jpg,IBQ,China_IBQ.xlsx,Tai_chi,根据背景信息，这场太极拳训练很可能在哪里进行？,(A) 一片茂密的森林 (B) 城市屋顶或高架平台 (C) 室内工作室 (D) 沙滩,城市屋顶或高架平台,1,no mistake,no correction needed,no correction needed,no answer needed
tai_chi_8.jpg,IBQ,China_IBQ.xlsx,Tai_chi,练习者所穿的服装是太极拳的典型服装。这种服装叫什么？,(A) 和服 (B) 吉 (C) 汉服 (D) 太极服（I Fu）,太极服（I Fu）,1,no mistake,no correction needed,no correction needed,no answer needed
tai_chi_11.jpg,IBQ,China_IBQ.xlsx,Tai_chi,图中所示的集体活动是什么？,(A) 抗议游行 (B) 冥想课程 (C) 集体表演或课程 (D) 一场跑步比赛,集体表演或课程,1,no mistake,no correction needed,no correction needed,no answer needed
tai_chi_11.jpg,IBQ,China_IBQ.xlsx,Tai_chi,根据参与者的人口统计特征，太极拳通常带来的主要益处是什么？,(A) 高强度有氧运动 (B) 增加肌肉量 (C) 改善老年人的平衡能力和活动能力 (D) 竞技格斗,改善老年人的平衡能力和活动能力,1,no mistake,no correction needed,no correction needed,no answer needed
tai_chi_11.jpg,IBQ,China_IBQ.xlsx,Tai_chi,参与者身穿宽松的白色制服。这种服装的主要原因是什么？,(A) 为了让他们感到轻松 (B) 为了美观统一 (C) 为了实现流畅、不受限制的运动 (D) 表示特定等级,为了实现流畅、不受限制的运动,1,no mistake,no correction needed,no correction needed,no answer needed
tai_chi_11.jpg,IBQ,China_IBQ.xlsx,Tai_chi,群体同步动作所传达的整体氛围是什么？,(A) 侵略性和竞争 (B) 平静与集体和谐 (C) 混乱与无序 (D) 剧烈的体力消耗,平静与集体和谐,1,no mistake,no correction needed,no correction needed,no answer needed
tai_chi_11.jpg,IBQ,China_IBQ.xlsx,Tai_chi,这种大规模的团体医疗模式在哪个国家最为常见？,(A) 日本 (B) 韩国 (C) 中国 (D) 越南,中国,1,no mistake,no correction needed,no correction needed,no answer needed
tai_chi_19.jpg,IBQ,China_IBQ.xlsx,Tai_chi,根据环境来看，在这里练习太极拳可能有什么好处？,(A) 柔软的沙子提供了缓冲表面。 (B) 海浪声有助于集中注意力。 (C) 靠近水源具有净化作用 (D) 开阔的空间和自然的声音有助于放松和集中注意力。,开阔的空间和自然的声音有助于放松和集中注意力。,1,no mistake,no correction needed,no correction needed,no answer needed
tai_chi_19.jpg,IBQ,China_IBQ.xlsx,Tai_chi,图中所示的张开手掌姿势有何用意？,(A) 表示问候 (B) 展示一次张开的手掌击打 (C) 接收和引导能量 (D) 测量到水的距离,接收和引导能量,1,no mistake,no correction needed,no correction needed,no answer needed
tai_chi_19.jpg,IBQ,China_IBQ.xlsx,Tai_chi,练习者身着特定类型的服装。这种服装选择与太极拳的练习有何关联？,(A) 它可以防晒。 (B) 它象征着一种精神信仰 (C) 这是所有武术的标准制服 (D) 宽松的面料衬托出动作的流畅性和柔和性。,宽松的面料衬托出动作的流畅性和柔和性。,1,no mistake,no correction needed,no correction needed,no answer needed
tai_chi_19.jpg,IBQ,China_IBQ.xlsx,Tai_chi,从练习者的面部表情和姿势可以看出他处于怎样的精神状态？,(A) 搅动 (B) 高度专注与平静 (C) 困惑 (D) 疲劳,高度专注与平静,1,no mistake,no correction needed,no correction needed,no answer needed
tai_chi_19.jpg,IBQ,China_IBQ.xlsx,Tai_chi,如图所示，在户外练习太极拳有什么好处？,(A) 这是竞争优势 (B) 它能改善心血管健康 (C) 它将修行者与自然和自然能量联系起来。 (D) 这是一种炫耀技能的方式,它将修行者与自然和自然能量联系起来。,1,no mistake,no correction needed,no correction needed,no answer needed
tai_chi_43.jpg,IBQ,China_IBQ.xlsx,Tai_chi,柔和的漫射灯光和自然背景营造出怎样的氛围？,(A) 紧张、竞争的氛围 (B) 充满活力、高能量的环境 (C) 宁静而冥想的情绪 (D) 一种冰冷、疏离的感觉,宁静而冥想的情绪,1,no mistake,no correction needed,no correction needed,no answer needed
tai_chi_43.jpg,IBQ,China_IBQ.xlsx,Tai_chi,练习者的站姿显示重心降低。这在太极拳中有什么目的？,(A) 为了更容易跳跃 (B) 为了提高速度 (C) 为了改善平衡性和稳定性 (D) 为了让姿势看起来更具威慑力,为了改善平衡性和稳定性,1,no mistake,no correction needed,no correction needed,no answer needed
tai_chi_43.jpg,IBQ,China_IBQ.xlsx,Tai_chi,实践者专注的目光暗示了这种实践的什么特点？,(A) 这是一场面向观众的表演。 (B) 它需要高度集中注意力和正念。 (C) 他正在寻找伴侣 (D) 它只是一种体育锻炼形式。,它需要高度集中注意力和正念。,1,no mistake,no correction needed,no correction needed,no answer needed
tai_chi_43.jpg,IBQ,China_IBQ.xlsx,Tai_chi,服装颜色深沉且款式简洁。这暗示着这种修行方式的重点是什么？,(A) 它是一种极具攻击性的武术形式 (B) 它旨在引人注目，引人注目。 (C) 重点在于内部运动，而非外部表现。 (D) 这是一种现代风格的服装。,重点在于内部运动，而非外部表现。,1,no mistake,no correction needed,no correction needed,no answer needed
tai_chi_43.jpg,IBQ,China_IBQ.xlsx,Tai_chi,练习者正在做一个双手并用的姿势。这个动作体现了什么概念？,(A) 击中目标 (B) 格挡和招架 (C) 阴阳的相互作用 (D) 拉伸肌肉,阴阳的相互作用,1,no mistake,no correction needed,no correction needed,no answer needed
tai_chi_16.jpg,IBQ,China_IBQ.xlsx,Tai_chi,这张图片中最突出的视觉元素是什么？,(A) 制服的颜色 (B) 背景架构 (C) 主执业者高举的双手 (D) 红毯,主执业者高举的双手,1,no mistake,no correction needed,no correction needed,no answer needed
tai_chi_16.jpg,IBQ,China_IBQ.xlsx,Tai_chi,为什么从业人员要穿相同颜色的制服？,(A) 这是会员资格的必要条件。 (B) 它象征着一种精神上的奉献。 (C) 它营造了视觉上的统一性和社区感。 (D) 这是家族的传统习俗,它营造了视觉上的统一性和社区感。,1,no mistake,no correction needed,no correction needed,no answer needed
tai_chi_16.jpg,IBQ,China_IBQ.xlsx,Tai_chi,图中所示的举手动作通常与什么有关？,(A) 伸手去拿物体 (B) 对抗一股假想的力量 (C) 最终姿势 (D) 一个友好的姿态,对抗一股假想的力量,1,no mistake,no correction needed,no correction needed,no answer needed
tai_chi_16.jpg,IBQ,China_IBQ.xlsx,Tai_chi,鉴于人数众多且场合正式，这可能是什么活动？,(A) 每日晨间课程 (B) 一场武术比赛 (C) 一场特别的公开表演或示威活动 (D) 私人工作室,一场特别的公开表演或示威活动,1,no mistake,no correction needed,no correction needed,no answer needed
tai_chi_16.jpg,IBQ,China_IBQ.xlsx,Tai_chi,修行者手势中张开的手掌有什么作用？,(A) 表示一个非武装国家 (B) 为展现战斗准备 (C) 吸收能量 (D) 展现平衡和开放的心态,展现平衡和开放的心态,1,no mistake,no correction needed,no correction needed,no answer needed
tai_chi_44.jpg,IBQ,China_IBQ.xlsx,Tai_chi,这张图片中正在进行什么活动？,(A) 一套体操动作 (B) 一场摔跤比赛 (C) 柔道投技 (D) 太极推手练习,柔道投技,1,no mistake,no correction needed,no correction needed,no answer needed
tai_chi_44.jpg,IBQ,China_IBQ.xlsx,Tai_chi,这项活动与传统太极拳有何不同？,(A) 它使用武器 (B) 这是一项合作活动 (C) 它是一种武术 (D) 这是一项高强度、竞争激烈的运动，以投掷为重点。,这是一项高强度、竞争激烈的运动，以投掷为重点。,1,no mistake,no correction needed,no correction needed,no answer needed
tai_chi_44.jpg,IBQ,China_IBQ.xlsx,Tai_chi,参赛者所穿的服装被称为？,(A) 和服 (B) 吉 (C) 太极服 (D) 多博克,吉,1,no mistake,no correction needed,no correction needed,no answer needed
tai_chi_44.jpg,IBQ,China_IBQ.xlsx,Tai_chi,哪种武术的名称翻译过来是“柔和之道”？,(A) 太极 (B) 柔道 (C) 空手道 (D) 功夫,柔道,1,no mistake,no correction needed,no correction needed,no answer needed
tai_chi_44.jpg,IBQ,China_IBQ.xlsx,Tai_chi,这张照片中的动作所体现的核心原则是什么？这种原则也是某些内家拳法中的概念。,(A) 蛮力 (B) 线性功率 (C) 屈服于力量 (D) 严密防御,屈服于力量,1,no mistake,no correction needed,no correction needed,no answer needed
tai_chi_36.jpg,IBQ,China_IBQ.xlsx,Tai_chi,练习者们正在进行同步动作。这表明这种练习方式有何特点？,(A) 这是一套舞蹈动作。 (B) 它遵循预先设定的动作形式或顺序。 (C) 这是一次即兴练习 (D) 这是一项竞技运动。,它遵循预先设定的动作形式或顺序。,1,no mistake,no correction needed,no correction needed,no answer needed
tai_chi_36.jpg,IBQ,China_IBQ.xlsx,Tai_chi,根据场景判断，这很可能发生在一天中的什么时间？,(A) 深夜 (B) 下午中段 (C) 清晨或傍晚 (D) 午休时间,清晨或傍晚,1,no mistake,no correction needed,no correction needed,no answer needed
tai_chi_36.jpg,IBQ,China_IBQ.xlsx,Tai_chi,参与者之间保持均匀的间距。这样做的原因是什么？,(A) 为了避免相互碰撞并允许充分的活动范围 (B) 创建特定的视觉图案 (C) 表示物理距离 (D) 遵守社交距离规则,为了避免相互碰撞并允许充分的活动范围,1,no mistake,no correction needed,no correction needed,no answer needed
tai_chi_36.jpg,IBQ,China_IBQ.xlsx,Tai_chi,这种小组实践的主要优势是什么？,(A) 它促进了社会互动和社区建设。 (B) 它提供了一种更具挑战性的锻炼方式。 (C) 这需要付出更大的努力。 (D) 它对减肥更有效,它促进了社会互动和社区建设。,1,no mistake,no correction needed,no correction needed,no answer needed
tai_chi_36.jpg,IBQ,China_IBQ.xlsx,Tai_chi,手臂伸展的姿势体现了太极拳的什么核心原则？,(A) 手持武器 (B) 推开一股力量 (C) 用手“聆听”的概念 (D) 伸展和松弛原理,伸展和松弛原理,1,no mistake,no correction needed,no correction needed,no answer needed
tai_chi_21.jpg,IBQ,China_IBQ.xlsx,Tai_chi,前景中的女子所摆出的姿势强调了太极拳的哪项原则？,(A) 生根 (B) 跳跃 (C) 踢 (D) 冲孔,生根,1,no mistake,no correction needed,no correction needed,no answer needed
tai_chi_21.jpg,IBQ,China_IBQ.xlsx,Tai_chi,背景画面展现了形形色色的人。这暗示了太极拳的什么特点？,(A) 这是一项竞技运动。 (B) 只有专业人士才会这样做。 (C) 这是一种包容性很强的做法，许多人都可以参与。 (D) 这是一种新的运动形式,这是一种包容性很强的做法，许多人都可以参与。,1,no mistake,no correction needed,no correction needed,no answer needed
tai_chi_21.jpg,IBQ,China_IBQ.xlsx,Tai_chi,太极拳的练习地点通常是公园或公共场所。为什么这里是太极拳的常见练习地点？,(A) 这是唯一有足够空间的地方 (B) 这是一种无需花费任何成本的练习方式。 (C) 它使修行者能够与自然和社区建立联系。 (D) 这是老师的要求。,它使修行者能够与自然和社区建立联系。,1,no mistake,no correction needed,no correction needed,no answer needed
tai_chi_21.jpg,IBQ,China_IBQ.xlsx,Tai_chi,实践者目光的可能目的是什么？,(A) 对着镜子检查她的姿势 (B) 观察周围环境 (C) 专注于一点有助于集中注意力 (D) 看向镜头,专注于一点有助于集中注意力,1,no mistake,no correction needed,no correction needed,no answer needed
tai_chi_21.jpg,IBQ,China_IBQ.xlsx,Tai_chi,练习者的姿势缓慢而有控制。这种运动方式的主要健康益处是什么？,(A) 高热量燃烧 (B) 心血管健康改善 (C) 增强平衡能力、灵活性和协调性 (D) 肌肉量增加,增强平衡能力、灵活性和协调性,1,no mistake,no correction needed,no correction needed,no answer needed
tai_chi_7.jpg,IBQ,China_IBQ.xlsx,Tai_chi,施术者背对着观看者。这可能是什么原因造成的？,(A) 为了保护她的身份 (B) 为了突出景观 (C) 为了展示具体的背部姿势 (D) 使观者能够专注于造型本身，而不会被面部分散注意力。,使观者能够专注于造型本身，而不会被面部分散注意力。,1,no mistake,no correction needed,no correction needed,no answer needed
tai_chi_7.jpg,IBQ,China_IBQ.xlsx,Tai_chi,夕阳映衬下修行者的身影暗示着什么？,(A) 这是一项深夜练习 (B) 这是晨练。 (C) 这是一种独自进行的反思性实践。 (D) 这是大型团体的练习。,这是一种独自进行的反思性实践。,1,no mistake,no correction needed,no correction needed,no answer needed
tai_chi_7.jpg,IBQ,China_IBQ.xlsx,Tai_chi,练习者的姿势是一只手举起，另一只手向前伸展。这代表了什么经典的动作？,(A) 太极符号 (B) 防守阵型 (C) “分离”与“聚集”的概念 (D) 一个引人注目的动作,“分离”与“聚集”的概念,1,no mistake,no correction needed,no correction needed,no answer needed
tai_chi_7.jpg,IBQ,China_IBQ.xlsx,Tai_chi,这件衣服看起来像是用轻盈飘逸的面料制成的。这种面料的选择有什么作用呢？,(A) 它使人感到温暖 (B) 这是一种时尚宣言 (C) 它与流畅、连续的动作相得益彰。 (D) 它象征着一种精神信仰,它与流畅、连续的动作相得益彰。,1,no mistake,no correction needed,no correction needed,no answer needed
tai_chi_7.jpg,IBQ,China_IBQ.xlsx,Tai_chi,从练习者一腿向前弯曲的姿势中可以看出什么核心原则？,(A) 积极的步法 (B) 高强度锻炼 (C) 重量分布均匀的稳定地基 (D) 跳跃动作,重量分布均匀的稳定地基,1,no mistake,no correction needed,no correction needed,no answer needed
tai_chi_33.jpg,IBQ,China_IBQ.xlsx,Tai_chi,这张图片的主要内容是什么？,(A) 一位身穿黑色制服的执业者 (B) 一群围观者 (C) 一群人伸展身体 (D) 一场武术比赛,一位身穿黑色制服的执业者,0,"The question asks 'What is the main content of the picture?', but the correct answer focuses on one person while the image clearly shows a group of people practicing Tai Chi. The question is also slightly vague.",这张图片主要展示了什么活动？,"['(A) 武术练习', '(B) 围观人群', '(C) 个人伸展运动', '(D) 休闲散步']",武术练习
tai_chi_33.jpg,IBQ,China_IBQ.xlsx,Tai_chi,练习者的站姿低而宽。这样做的主要目的是什么？,(A) 为了让从业者看起来更矮 (B) 为了展示高级灵活性 (C) 夯实基础，增强腿部力量 (D) 为冲刺做准备,夯实基础，增强腿部力量,1,no mistake,no correction needed,no correction needed,no answer needed
tai_chi_33.jpg,IBQ,China_IBQ.xlsx,Tai_chi,在这种情况下，统一的颜色（黑色配红色镶边）代表什么？,(A) 这是太极拳中常见的制服颜色，但并没有什么特殊含义。 (B) 它象征着高等级 (C) 这是特定学校或风格的官方制服。 (D) 它代表着一种不同的武术。,这是太极拳中常见的制服颜色，但并没有什么特殊含义。,1,no mistake,no correction needed,no correction needed,no answer needed
tai_chi_33.jpg,IBQ,China_IBQ.xlsx,Tai_chi,主练者的双手做圆周运动。这种运动在太极拳中代表什么？,(A) 一种攻击形式 (B) 能量流动与屈服原理 (C) 抓取行为 (D) 向他人发出信号,能量流动与屈服原理,1,no mistake,no correction needed,no correction needed,no answer needed
tai_chi_33.jpg,IBQ,China_IBQ.xlsx,Tai_chi,这位修行者身处一个类似公园的环境中。这在哪个国家的文化中是常见的场景？,(A) 日本 (B) 巴西 (C) 中国 (D) 俄罗斯,中国,1,no mistake,no correction needed,no correction needed,no answer needed
tai_chi_45.jpg,IBQ,China_IBQ.xlsx,Tai_chi,图片中练习太极拳的人群年龄范围大概是多少？,(A) 青少年 (B) 青年人 (C) 中年人 (D) 老年人,老年人,1,no mistake,no correction needed,no correction needed,no answer needed
tai_chi_45.jpg,IBQ,China_IBQ.xlsx,Tai_chi,练习者的主要服装是太极拳的传统服饰。它的主要特点是什么？,(A) 它采用紧身设计，凸显肌肉线条。 (B) 它宽松飘逸，可以让你活动自如。 (C) 它采用厚重保暖的面料制成。 (D) 它的颜色鲜艳，便于辨认。,它宽松飘逸，可以让你活动自如。,1,no mistake,no correction needed,no correction needed,no answer needed
tai_chi_45.jpg,IBQ,China_IBQ.xlsx,Tai_chi,根据环境判断，这个小组在这里练习的可能原因是什么？,(A) 设有表演舞台。 (B) 自然环境营造出宁静祥和的氛围。 (C) 该区域专为高强度运动而设计。 (D) 地面湿滑，充满挑战。,自然环境营造出宁静祥和的氛围。,1,no mistake,no correction needed,no correction needed,no answer needed
tai_chi_45.jpg,IBQ,China_IBQ.xlsx,Tai_chi,前景中的练习者采用了稳健而低矮的站姿。这种姿势有助于改善哪些方面？,(A) 跳跃能力 (B) 心血管健康 (C) 腿部力量和平衡 (D) 上半身肌肉质量,腿部力量和平衡,1,no mistake,no correction needed,no correction needed,no answer needed
tai_chi_45.jpg,IBQ,China_IBQ.xlsx,Tai_chi,这种太极拳练习中缓慢、沉稳的动作的主要目的是什么？,(A) 创造美丽的视觉效果。 (B) 增强爆发力和速度。 (C) 培养内在能量和精神专注力。 (D) 剧烈运动后放松身心。,培养内在能量和精神专注力。,1,no mistake,no correction needed,no correction needed,no answer needed
tai_chi_51.jpg,IBQ,China_IBQ.xlsx,Tai_chi,图片中人群的多样性对太极拳有何启示？,(A) 这是特定族群特有的习俗。 (B) 它适合所有背景的人练习。 (C) 这种锻炼方式只适合体能水平很高的人。 (D) 这种做法只适用于特定年龄段的人群。,它适合所有背景的人练习。,1,no mistake,no correction needed,no correction needed,no answer needed
tai_chi_51.jpg,IBQ,China_IBQ.xlsx,Tai_chi,手掌朝前的这个手势有什么目的？,(A) 这是一个表示欢迎的举动。 (B) 这是一个引人注目的动作。 (C) 这是一个防守阻挡动作。 (D) 这是一种“推”或“按”想象中的力量的姿势。,这是一种“推”或“按”想象中的力量的姿势。,1,no mistake,no correction needed,no correction needed,no answer needed
tai_chi_51.jpg,IBQ,China_IBQ.xlsx,Tai_chi,为什么从业人员会佩戴手表或健身追踪器？,(A) 记录他们的步数和消耗的卡路里。 (B) 把握他们的行动时机。 (C) 用于标记会议的开始和结束。 (D) 监测他们的心率和整体健康指标。,监测他们的心率和整体健康指标。,1,no mistake,no correction needed,no correction needed,no answer needed
tai_chi_51.jpg,IBQ,China_IBQ.xlsx,Tai_chi,练习者们在轻松的户外环境中进行练习。这有什么好处？,(A) 它可以摆出更难的姿势。 (B) 这里环境安静，适合深度集中注意力。 (C) 它提供了一个呼吸新鲜空气和补充维生素D的机会。 (D) 它提供了一个竞争环境。,它提供了一个呼吸新鲜空气和补充维生素D的机会。,1,no mistake,no correction needed,no correction needed,no answer needed
tai_chi_51.jpg,IBQ,China_IBQ.xlsx,Tai_chi,前景中男子的主要关注点是什么？,(A) 他的周围环境 (B) 他的教练 (C) 他自己的双手 (D) 他的脚,他自己的双手,1,no mistake,no correction needed,no correction needed,no answer needed
tai_chi_77.jpg,IBQ,China_IBQ.xlsx,Tai_chi,图片中环境的显著特征是什么？,(A) 一片茂密的森林 (B) 宁静的乡村景色 (C) 现代都市环境 (D) 室内工作室,现代都市环境,1,no mistake,no correction needed,no correction needed,no answer needed
tai_chi_77.jpg,IBQ,China_IBQ.xlsx,Tai_chi,练习者采取的姿势是：一条腿向前弯曲。这种姿势叫什么？,(A) 起重机姿态 (B) 马步 (C) 弓步 (D) 猫站姿,弓步,1,no mistake,no correction needed,no correction needed,no answer needed
tai_chi_77.jpg,IBQ,China_IBQ.xlsx,Tai_chi,练习者双手置于胸前的姿势代表着什么？,(A) 战斗姿势 (B) 祈祷姿势 (C) 表格的开头 (D) 持球姿势以控制能量,持球姿势以控制能量,1,no mistake,no correction needed,no correction needed,no answer needed
tai_chi_77.jpg,IBQ,China_IBQ.xlsx,Tai_chi,画面中只有执业者一人。这暗​​示了这种执业方式的什么特点？,(A) 这是一门私人课程。 (B) 这是一场正式演出。 (C) 这是一项独自进行的冥想练习。 (D) 这是一项体能测试。,这是一项独自进行的冥想练习。,1,no mistake,no correction needed,no correction needed,no answer needed
tai_chi_77.jpg,IBQ,China_IBQ.xlsx,Tai_chi,晴朗的蓝天和明媚的阳光预示着什么？,(A) 天气可能寒冷多风。 (B) 天气可能温暖宜人。 (C) 今天是阴天。 (D) 已是深夜。,天气可能温暖宜人。,1,no mistake,no correction needed,no correction needed,no answer needed
tai_chi_70.jpg,IBQ,China_IBQ.xlsx,Tai_chi,图片中可以看到一些从业人员，背景是城市天际线。这可能是哪个城市？,(A) 纽约市 (B) 伦敦 (C) 上海 (D) 巴黎,上海,1,no mistake,no correction needed,no correction needed,no answer needed
tai_chi_70.jpg,IBQ,China_IBQ.xlsx,Tai_chi,图中一位练习者抬起了一条腿。这个动作体现了什么？,(A) 跑步动作 (B) 踢腿技巧 (C) 平衡的重要性 (D) 高冲击力跳跃的开始,平衡的重要性,1,no mistake,no correction needed,no correction needed,no answer needed
tai_chi_70.jpg,IBQ,China_IBQ.xlsx,Tai_chi,深色服装和剪影效果在光线下的作用是什么？,(A) 遮蔽从业者的面容。 (B) 为了使它们看起来更具戏剧性。 (C) 为了突出他们动作的形状和流畅性。 (D) 为了使它们看起来更小。,为了突出他们动作的形状和流畅性。,1,no mistake,no correction needed,no correction needed,no answer needed
tai_chi_70.jpg,IBQ,China_IBQ.xlsx,Tai_chi,在这种城市环境中进行小组练习的主要好处是什么？,(A) 它允许进行竞争性练习。 (B) 它能带来社区感和共同目标感。 (C) 这是一个更具挑战性的环境。 (D) 这只是为了迎合游客而进行的表演。,它能带来社区感和共同目标感。,1,no mistake,no correction needed,no correction needed,no answer needed
tai_chi_70.jpg,IBQ,China_IBQ.xlsx,Tai_chi,这些姿势低矮而稳固。这样做有什么好处？,(A) 它能增强锻炼强度。 (B) 这是为快速行动做准备。 (C) 它有助于从基础做起，增强力量和稳定性。 (D) 这是一种拉伸运动。,它有助于从基础做起，增强力量和稳定性。,1,no mistake,no correction needed,no correction needed,no answer needed
tai_chi_65.jpg,IBQ,China_IBQ.xlsx,Tai_chi,前景和背景中的男士们穿的是什么衣服？,(A) 和服 (B) 功夫服 (C) 僧袍 (D) 休闲服装,僧袍,1,no mistake,no correction needed,no correction needed,no answer needed
tai_chi_65.jpg,IBQ,China_IBQ.xlsx,Tai_chi,这里展示的武术与太极拳的主要区别是什么？,(A) 注重高强度、外向型运动。 (B) 使用武器。 (C) 对内能的依赖。 (D) 练习以小组形式进行。,注重高强度、外向型运动。,1,no mistake,no correction needed,no correction needed,no answer needed
tai_chi_65.jpg,IBQ,China_IBQ.xlsx,Tai_chi,站在其他人身后的那位身穿黄色长袍的男子可能扮演什么角色？,(A) 一名旁观者 (B) 一名学生 (C) 导师或大师 (D) 一位游客,导师或大师,1,no mistake,no correction needed,no correction needed,no answer needed
tai_chi_65.jpg,IBQ,China_IBQ.xlsx,Tai_chi,这次培训的可能地点在哪里？,(A) 一家现代化的健身房 (B) 城市公园 (C) 一座传统的中国武术寺庙或学校 (D) 公共广场,一座传统的中国武术寺庙或学校,1,no mistake,no correction needed,no correction needed,no answer needed
tai_chi_65.jpg,IBQ,China_IBQ.xlsx,Tai_chi,学生们摆出低而宽的站姿。这种站姿在这种武术中的主要目的是什么？,(A) 为了显得更具威慑力。 (B) 拉伸大腿内侧。 (C) 为强有力的行动奠定坚实稳定的基础。 (D) 为了展现他们的灵活性。,为强有力的行动奠定坚实稳定的基础。,1,no mistake,no correction needed,no correction needed,no answer needed
tai_chi_83.jpg,IBQ,China_IBQ.xlsx,Tai_chi,练习者手持一根长而直的武器。这在中国武术中叫什么？,(A) 一支长矛 (B) 一根棍子 (C) 一把剑 (D) 简,一支长矛,1,no mistake,no correction needed,no correction needed,no answer needed
tai_chi_83.jpg,IBQ,China_IBQ.xlsx,Tai_chi,服装和表演的整体美感如何？,(A) 简洁而微妙 (B) 传统而低调 (C) 色彩斑斓，引人入胜 (D) 休闲非正式,色彩斑斓，引人入胜,1,no mistake,no correction needed,no correction needed,no answer needed
tai_chi_83.jpg,IBQ,China_IBQ.xlsx,Tai_chi,长矛上的长红色流苏有什么用途？,(A) 为了增强抓握力。 (B) 起到装饰作用。 (C) 增加尖端重量。 (D) 起到平衡作用并提供视觉美感。,起到平衡作用并提供视觉美感。,1,no mistake,no correction needed,no correction needed,no answer needed
tai_chi_83.jpg,IBQ,China_IBQ.xlsx,Tai_chi,场景似乎是一个铺着蓝色垫子的竞技场。这暗示着什么背景信息？,(A) 这是一种非正式的做法。 (B) 这是一场公开示威活动。 (C) 这是一场武术比赛或表演。 (D) 这是一个研讨会。,这是一场武术比赛或表演。,1,no mistake,no correction needed,no correction needed,no answer needed
tai_chi_83.jpg,IBQ,China_IBQ.xlsx,Tai_chi,实践者的关注点是什么？,(A) 人群 (B) 武器 (C) 对手 (D) 摄影师,武器,1,no mistake,no correction needed,no correction needed,no answer needed
tai_chi_84.jpg,IBQ,China_IBQ.xlsx,Tai_chi,练习者手持一把直剑。这种剑叫什么名字？,(A) 武士刀 (B) 军刀 (C) 建 (D) 细剑,建,1,no mistake,no correction needed,no correction needed,no answer needed
tai_chi_84.jpg,IBQ,China_IBQ.xlsx,Tai_chi,练习者采用低而宽的站姿。这种太极拳基本站姿叫什么？,(A) 马步 (B) 起重机姿态 (C) 空位 (D) 弓步,马步,1,no mistake,no correction needed,no correction needed,no answer needed
tai_chi_84.jpg,IBQ,China_IBQ.xlsx,Tai_chi,背景是纯蓝色的底布，上面有一条白线。这样的背景暗示了怎样的场景？,(A) 这是一个露天公园。 (B) 这是一个室内练习室。 (C) 这是一个竞争激烈的领域。 (D) 这是一个舞台。,这是一个竞争激烈的领域。,1,no mistake,no correction needed,no correction needed,no answer needed
tai_chi_84.jpg,IBQ,China_IBQ.xlsx,Tai_chi,该从业人员的制服是什么款式的？,(A) 现代和西方 (B) 简单明了 (C) 饰以传统刺绣 (D) 军事风格,饰以传统刺绣,1,no mistake,no correction needed,no correction needed,no answer needed
tai_chi_84.jpg,IBQ,China_IBQ.xlsx,Tai_chi,实践者的目光聚焦在哪里？,(A) 观众 (B) 她的脚 (C) 剑尖 (D) 对手,剑尖,1,no mistake,no correction needed,no correction needed,no answer needed
tai_chi_79.jpg,IBQ,China_IBQ.xlsx,Tai_chi,这张图片中，这群人服装最突出的特点是什么？,(A) 他们的鞋子 (B) 他们的腰带 (C) 他们的红黑制服 (D) 他们的发型,他们的红黑制服,1,no mistake,no correction needed,no correction needed,no answer needed
tai_chi_79.jpg,IBQ,China_IBQ.xlsx,Tai_chi,根据场景判断，这是什么类型的地点？,(A) 户外公园 (B) 正式的比赛场地 (C) 公共广场 (D) 室内工作室或训练厅,室内工作室或训练厅,1,no mistake,no correction needed,no correction needed,no answer needed
tai_chi_79.jpg,IBQ,China_IBQ.xlsx,Tai_chi,这群人正在做类似的动作。这说明了什么？,(A) 这是一种新的舞蹈潮流。 (B) 这是同步热身。 (C) 他们正在按照老师教的形式进行练习。 (D) 这是一项自由发挥的创意练习。,他们正在按照老师教的形式进行练习。,1,no mistake,no correction needed,no correction needed,no answer needed
tai_chi_79.jpg,IBQ,China_IBQ.xlsx,Tai_chi,班级学生年龄分布如此分散的可能原因是什么？,(A) 太极拳简单易学，人人都能学会。 (B) 这是一项家庭活动。 (C) 太极拳适合不同体能水平和年龄段的人练习。 (D) 本课程仅面向初学者。,太极拳适合不同体能水平和年龄段的人练习。,1,no mistake,no correction needed,no correction needed,no answer needed
tai_chi_79.jpg,IBQ,China_IBQ.xlsx,Tai_chi,伸展、张开的手掌姿势的目的是什么？,(A) 表示问候。 (B) 表示已做好战斗准备。 (C) 表示“推”或“压”的动作。 (D) 接住物体。,表示“推”或“压”的动作。,1,no mistake,no correction needed,no correction needed,no answer needed
tai_chi_46.jpg,IBQ,China_IBQ.xlsx,Tai_chi,该团体的姿态传达出怎样的整体氛围？,(A) 具有竞争力和进取心 (B) 充满活力且节奏快 (C) 平静放松 (D) 混乱且无序,平静放松,1,no mistake,no correction needed,no correction needed,no answer needed
tai_chi_46.jpg,IBQ,China_IBQ.xlsx,Tai_chi,从业人员所处的环境是怎样的？,(A) 一条城市街道 (B) 植物园或公园 (C) 学校体育馆 (D) 购物中心,植物园或公园,1,no mistake,no correction needed,no correction needed,no answer needed
tai_chi_46.jpg,IBQ,China_IBQ.xlsx,Tai_chi,为什么穿白衬衫的男子的姿势是太极拳练习的关键要素？,(A) 这是一个高强度的有氧运动姿势。 (B) 这展现了他的实力。 (C) 它展现了这种姿势所需的平衡和重心转移。 (D) 这是一个简单的休息姿势。,它展现了这种姿势所需的平衡和重心转移。,1,no mistake,no correction needed,no correction needed,no answer needed
tai_chi_46.jpg,IBQ,China_IBQ.xlsx,Tai_chi,小组一起练习的可能目的是什么？,(A) 相互竞争。 (B) 社交和从事共同的兴趣爱好。 (C) 向观众展示他们的技能。 (D) 为比赛做准备。,社交和从事共同的兴趣爱好。,1,no mistake,no correction needed,no correction needed,no answer needed
tai_chi_46.jpg,IBQ,China_IBQ.xlsx,Tai_chi,身穿太极服的人与其他太极拳练习者的主要区别是什么？,(A) 只有一位是教师。 (B) 统一的着装表明了这种做法的正式性或传统性。 (C) 制服提供了更好的行动灵活性。 (D) 只有一位是经验丰富的从业者。,统一的着装表明了这种做法的正式性或传统性。,1,no mistake,no correction needed,no correction needed,no answer needed
tai_chi_75.jpg,IBQ,China_IBQ.xlsx,Tai_chi,男人脖子上围着的毛巾有什么象征意义？,(A) 它是一种时尚配饰。 (B) 这是剧烈运动的标志。 (C) 它用于运动后擦去汗水。 (D) 这是礼仪用品。,它用于运动后擦去汗水。,1,no mistake,no correction needed,no correction needed,no answer needed
tai_chi_75.jpg,IBQ,China_IBQ.xlsx,Tai_chi,练习者们身处轻松的露天环境中。这有什么好处呢？,(A) 这是避免支付健身房会员费的一种方法。 (B) 它有助于改善呼吸和提升思维清晰度。 (C) 它为比赛提供场地。 (D) 这是唯一可以练习太极拳的地方。,它有助于改善呼吸和提升思维清晰度。,1,no mistake,no correction needed,no correction needed,no answer needed
tai_chi_75.jpg,IBQ,China_IBQ.xlsx,Tai_chi,练习者姿势放松的可能原因是什么？,(A) 他们很累。 (B) 他们没有认真对待这次锻炼。 (C) 他们注重的是流畅性和优雅，而不是紧张感。 (D) 他们跑步后正在降温。,他们注重的是流畅性和优雅，而不是紧张感。,1,no mistake,no correction needed,no correction needed,no answer needed
tai_chi_75.jpg,IBQ,China_IBQ.xlsx,Tai_chi,双手呈杯状。这种姿势象征着什么？,(A) 手里拿着一个球 (B) 接收一个物体 (C) 引人注目的姿势 (D) 防守阵型,手里拿着一个球,0,"The question and answer are not logically connected to the image. The image shows people practicing Tai Chi, where the cupped hands represent holding or controlling 'Qi' (energy). The correct answer should relate to Tai Chi or energy control, not holding a ball.",双手呈杯状，这种姿势在太极拳中象征着什么？,(A) 力量的爆发 (B) 聚集和控制能量 (C) 准备投掷物体 (D) 表示礼貌和问候,聚集和控制能量
cuju_12.jpg,IBQ,China_IBQ.xlsx,cuju,这张图中描绘的是什么游戏？,(A) 现代足球 (B) 日本菖蒲 (C) 中国蹴鞠 (D) 英格兰足球,日本菖蒲,1,no mistake,no correction needed,no correction needed,no answer needed
cuju_12.jpg,IBQ,China_IBQ.xlsx,cuju,图片中的比赛与现代足球最明显的区别是什么？,(A) 球变小了。 (B) 目标是一个篮筐。 (C) 球员们身着传统服饰。 (D) 比赛的目标是让球保持在空中而不落地。,比赛的目标是让球保持在空中而不落地。,1,no mistake,no correction needed,no correction needed,no answer needed
cuju_12.jpg,IBQ,China_IBQ.xlsx,cuju,这场大雪对气候和此次事件有什么启示？,(A) 这项游戏是冬季节日的传统活动。 (B) 球员们更喜欢寒冷的天气。 (C) 这项运动是室内运动。 (D) 这种情况非常罕见。,这项游戏是冬季节日的传统活动。,1,no mistake,no correction needed,no correction needed,no answer needed
cuju_12.jpg,IBQ,China_IBQ.xlsx,cuju,根据背景中的建筑风格判断，这场活动很可能在哪里举行？,(A) 中国 (B) 日本 (C) 韩国 (D) 越南,日本,1,no mistake,no correction needed,no correction needed,no answer needed
cuju_12.jpg,IBQ,China_IBQ.xlsx,cuju,球员们所穿的长款宽松长袍有何用意？,(A) 为了限制他们的行动，发起挑战。 (B) 这是参加这项传统活动的礼服。 (C) 为了保暖。 (D) 为了表明他们的等级。,这是参加这项传统活动的礼服。,1,no mistake,no correction needed,no correction needed,no answer needed
cuju_14.jpg,IBQ,China_IBQ.xlsx,cuju,这幅中国古代绘画描绘的中心活动是什么？,(A) 战斗场景 (B) 皇家宴会 (C) 一场马球比赛 (D) 蹴鞠游戏,蹴鞠游戏,1,no mistake,no correction needed,no correction needed,no answer needed
cuju_14.jpg,IBQ,China_IBQ.xlsx,cuju,这一幕的主要场景是什么？,(A) 乡村集市 (B) 军事训练场 (C) 皇家庭院 (D) 山峦叠嶂,皇家庭院,1,no mistake,no correction needed,no correction needed,no answer needed
cuju_14.jpg,IBQ,China_IBQ.xlsx,cuju,这两个带有横幅的球门有什么意义？,(A) 它们是简单的装饰品。 (B) 他们代表各个团队。 (C) 它们用于标记场地。 (D) 他们是得分的目标。,他们是得分的目标。,0,"The image depicts a scene of *chuiwan* (捶丸), an ancient Chinese game similar to golf. The 'goals' are the flags or small buildings that players aim for. The question and options are not tailored to this specific game, making the context ambiguous and the correct answer misleading. The question asks about the significance of 'goals' with banners, but the banners aren't clearly visible on the goal structures in the image. The given answer about being 'targets for scoring' is technically correct in the context of *chuiwan*, but other options could be considered plausible without specific knowledge of the game.",图中带有旗帜的结构有什么作用？,"['(A) 它们是纯粹的装饰品。', '(B) 它们代表不同的玩家。', '(C) 它们是玩家的目标。', '(D) 它们用于标记场地边界。']",它们是玩家的目标。
cuju_14.jpg,IBQ,China_IBQ.xlsx,cuju,中间那个人拿着一根棍子。这说明这个游戏有什么特点？,(A) 它是多种运动的混合体。 (B) 这完全是另一种运动。 (C) 规则灵活多变 (D) 这根棍子是礼仪用品。,规则灵活多变,1,no mistake,no correction needed,no correction needed,no answer needed
cuju_14.jpg,IBQ,China_IBQ.xlsx,cuju,这幅画反映了蹴鞠在中国古代的什么地位？,(A) 这是款面向普通大众的游戏。 (B) 这在上流社会和皇室中曾是一项很受欢迎的活动。 (C) 这是一次军事训练演习。 (D) 这是一项竞技性很强的运动，参赛选手都是职业选手。,这在上流社会和皇室中曾是一项很受欢迎的活动。,1,no mistake,no correction needed,no correction needed,no answer needed
cuju_19.jpg,IBQ,China_IBQ.xlsx,cuju,这张图片中主要描绘的是什么活动？,(A) 一场冰球比赛 (B) 皇家狩猎队 (C) 蹴鞠游戏 (D) 一场马球比赛,蹴鞠游戏,1,no mistake,no correction needed,no correction needed,no answer needed
cuju_19.jpg,IBQ,China_IBQ.xlsx,cuju,画中的男子穿着什么类型的服装？,(A) 日常农夫服装 (B) 军装 (C) 正式礼服 (D) 现代运动服,正式礼服,1,no mistake,no correction needed,no correction needed,no answer needed
cuju_19.jpg,IBQ,China_IBQ.xlsx,cuju,身穿橙色长袍的男子正准备击球。这暗示着怎样的比赛风格？,(A) 比赛节奏快，对抗性强。 (B) 这场游戏是一种节奏缓慢的仪式。 (C) 游戏内容是用物体击球。 (D) 这款游戏是单人游戏。,游戏内容是用物体击球。,1,no mistake,no correction needed,no correction needed,no answer needed
cuju_19.jpg,IBQ,China_IBQ.xlsx,cuju,球场上的小红旗有什么意义？,(A) 它们是球队标记物。 (B) 它们是简单的装饰品。 (C) 它们会成为球员的障碍。 (D) 它们是球门柱或目标。,它们是球门柱或目标。,1,no mistake,no correction needed,no correction needed,no answer needed
cuju_19.jpg,IBQ,China_IBQ.xlsx,cuju,从这幅画中可以推断出游戏的社会层面是什么？,(A) 这是一场为单个家庭举办的私人活动。 (B) 这是一场盛大的公开活动。 (C) 这是皇室的一种娱乐和休闲方式。 (D) 这是一项竞技性很强的运动，有职业联赛。,这是皇室的一种娱乐和休闲方式。,1,no mistake,no correction needed,no correction needed,no answer needed
cuju_6.jpg,IBQ,China_IBQ.xlsx,cuju,图片展示的是一项历史运动的现代复原。这项运动是什么？,(A) 现代足球 (B) 中国蹴鞠 (C) 日本菖蒲 (D) 美式橄榄球,中国蹴鞠,1,no mistake,no correction needed,no correction needed,no answer needed
cuju_6.jpg,IBQ,China_IBQ.xlsx,cuju,左边的球员和右边的球员有什么显著区别？,(A) 一支球队按照现代规则比赛，另一支球队则没有。 (B) 一支队伍身着传统服饰，另一支队伍则身着现代与传统服饰混搭的服装。 (C) 其中一支球队使用的是不同的比赛用球。 (D) 一支队伍穿着队服，另一支队伍没有。,一支队伍身着传统服饰，另一支队伍则身着现代与传统服饰混搭的服装。,1,no mistake,no correction needed,no correction needed,no answer needed
cuju_6.jpg,IBQ,China_IBQ.xlsx,cuju,这种复原方式对当今蹴鞠的文化意义有何启示？,(A) 它已被遗忘。 (B) 它至今仍作为一项竞技运动进行。 (C) 这是一个值得庆祝的历史文化传统。 (D) 这是一项室内运动。,这是一个值得庆祝的历史文化传统。,1,no mistake,no correction needed,no correction needed,no answer needed
cuju_6.jpg,IBQ,China_IBQ.xlsx,cuju,地面上画的正方形有什么用途？,(A) 这是比赛场地的轮廓图。 (B) 这是球员们必须遵守的界限。 (C) 这是得分的球门线。 (D) 它是历史事件的象征。,这是比赛场地的轮廓图。,0,"The question asks about the purpose of the squares on the ground, but the image shows a Sepak Takraw game being played on a court marked with lines, not squares. The correct answer should relate to the court boundaries of Sepak Takraw.",地面上画的线条有什么用途？,"['(A) 这是比赛场地的轮廓图。', '(B) 这是球员们必须遵守的界限。', '(C) 这是得分的区域。', '(D) 它是历史事件的象征。']",这是球员们必须遵守的界限。
cuju_6.jpg,IBQ,China_IBQ.xlsx,cuju,这两位现代球员来自不同的种族。这说明这项赛事有什么特点？,(A) 这是一场不同国家之间的比赛。 (B) 这是一次文化交流活动。 (C) 这是一场职业比赛。 (D) 这是一款轻松友好的休闲游戏。,这是一次文化交流活动。,1,no mistake,no correction needed,no correction needed,no answer needed
cuju_7.jpg,IBQ,China_IBQ.xlsx,cuju,这幅画描绘的主要活动是什么？,(A) 一场高尔夫球赛 (B) 射箭游戏 (C) 楚万棋 (D) 一场板球比赛,楚万棋,1,no mistake,no correction needed,no correction needed,no answer needed
cuju_7.jpg,IBQ,China_IBQ.xlsx,cuju,地上那个像花瓶一样的物体是做什么用的？,(A) 这是一个饮水器皿。 (B) 它是一种装饰品。 (C) 它是目标或目的。 (D) 这是用来放置球的占位符。,它是目标或目的。,0,"The question asks about a 'vase-like object on the ground', but the image depicts a cuju (ancient Chinese football) goal. The question and options are mismatched with the image content. The correct answer should relate to cuju, not a vase.",图画中地面上像一个花瓶一样的物体是什么？,"['(A) 这是一个用于饮水的器具。', '(B) 它是一种装饰品。', '(C) 它是蹴鞠比赛中的球门。', '(D) 这是用来放置球的占位符。']",它是蹴鞠比赛中的球门。
cuju_7.jpg,IBQ,China_IBQ.xlsx,cuju,这两个人物形象传达了怎样的整体氛围？,(A) 积极进取，富有竞争力 (B) 轻松自在 (C) 严肃而庄重的 (D) 专注而投入,轻松自在,1,no mistake,no correction needed,no correction needed,no answer needed
cuju_7.jpg,IBQ,China_IBQ.xlsx,cuju,这些人穿的是什么类型的衣服？,(A) 简朴的农夫服装 (B) 正式军装 (C) 传统汉服 (D) 现代服装,传统汉服,1,no mistake,no correction needed,no correction needed,no answer needed
cuju_7.jpg,IBQ,China_IBQ.xlsx,cuju,由此可以推断出这些球员的社会地位如何？,(A) 他们的社会地位很低。 (B) 他们是农民。 (C) 他们属于较高的社会阶层。 (D) 他们是士兵。,他们属于较高的社会阶层。,1,no mistake,no correction needed,no correction needed,no answer needed
cuju_16.jpg,IBQ,China_IBQ.xlsx,cuju,图中所示的主要活动是什么？,(A) 阅兵式 (B) 一套体操动作 (C) 蹴鞠展览或训练课程 (D) 武术表演,蹴鞠展览或训练课程,1,no mistake,no correction needed,no correction needed,no answer needed
cuju_16.jpg,IBQ,China_IBQ.xlsx,cuju,前景中的人拿着球在做什么？,(A) 他正忙得焦头烂额。 (B) 他正用手接住它。 (C) 他正把球踢进球门。 (D) 他正把它放在背上颠来颠去。,他正把球踢进球门。,0,"The correct answer is incorrect based on the image. The person is clearly tossing the ball up in the air and attempting a Shaolin-style catch, not kicking it into a goal. Option (B) is the more accurate description.",前景中的人拿着球在做什么？,"['(A) 他正忙得焦头烂额。', '(B) 他正用手接住它。', '(C) 他正把球踢进球门。', '(D) 他正把它放在背上颠来颠去。']",他正用手接住它。
cuju_16.jpg,IBQ,China_IBQ.xlsx,cuju,该团体身处现代化的赛场。这说明这项赛事有什么特点？,(A) 这是一场正式的比赛。 (B) 这是为一部历史电影进行的表演。 (C) 这是对一项古老运动的现代复兴。 (D) 这是一种非正式的做法。,这是对一项古老运动的现代复兴。,1,no mistake,no correction needed,no correction needed,no answer needed
cuju_16.jpg,IBQ,China_IBQ.xlsx,cuju,这两排人的目的是什么？,(A) 他们是旁观者。 (B) 他们正在等待轮到自己上场。 (C) 他们是两支对立的队伍。 (D) 他们担任仪仗队成员。,他们是两支对立的队伍。,1,no mistake,no correction needed,no correction needed,no answer needed
cuju_16.jpg,IBQ,China_IBQ.xlsx,cuju,这种形式的蹴鞠与现代足球有什么显著区别？,(A) 允许使用双手。 (B) 比赛没有裁判。 (C) 它没有正式的目标。 (D) 重点在于杂技技巧和控球能力，而不是进球。,重点在于杂技技巧和控球能力，而不是进球。,1,no mistake,no correction needed,no correction needed,no answer needed
cuju_23.jpg,IBQ,China_IBQ.xlsx,cuju,这幅构图复杂的画作描绘的主要活动是什么？,(A) 阅兵式 (B) 一场赛马 (C) 一场摔跤比赛 (D) 皇家狩猎队,皇家狩猎队,1,no mistake,no correction needed,no correction needed,no answer needed
cuju_23.jpg,IBQ,China_IBQ.xlsx,cuju,左边坐着的这群男人有什么显著特征？,(A) 他们穿着现代服装。 (B) 他们身穿传统军装。 (C) 他们社会地位很高，很可能是贵族或官员。 (D) 他们正在表演一种仪式舞蹈。,他们社会地位很高，很可能是贵族或官员。,1,no mistake,no correction needed,no correction needed,no answer needed
cuju_23.jpg,IBQ,China_IBQ.xlsx,cuju,画作中哪个关键元素表明了某个文化事件？,(A) 动物的存在 (B) 自然景观 (C) 大批人群 (D) 包括摔跤和射箭等不同的活动。,包括摔跤和射箭等不同的活动。,1,no mistake,no correction needed,no correction needed,no answer needed
cuju_23.jpg,IBQ,China_IBQ.xlsx,cuju,不同背景的人们对于这次活动有何看法？,(A) 这是为单一民族群体举办的庆祝活动。 (B) 这是不同团体的一次官方聚会。 (C) 这是一次朋友间的非正式聚会。 (D) 这是一次军事演习。,这是不同团体的一次官方聚会。,1,no mistake,no correction needed,no correction needed,no answer needed
cuju_23.jpg,IBQ,China_IBQ.xlsx,cuju,大型帐篷以及骆驼和马匹的出现，暗示着怎样的环境？,(A) 一座正式的、永久性的宫殿 (B) 城市街头市场 (C) 一个偏远的军事营地 (D) 为一次盛大的远足活动而设立的临时营地,为一次盛大的远足活动而设立的临时营地,1,no mistake,no correction needed,no correction needed,no answer needed
cuju_39.jpg,IBQ,China_IBQ.xlsx,cuju,图片中心的主要物体是什么？,(A) 奖杯 (B) 蹴鞠的传统进球 (C) 仪式拱门 (D) 现代足球门,蹴鞠的传统进球,1,no mistake,no correction needed,no correction needed,no answer needed
cuju_39.jpg,IBQ,China_IBQ.xlsx,cuju,貉的进球反映了比赛的什么风格？,(A) 游戏内容是将球踢给队友。 (B) 游戏内容是将球踢过一个高高的圆环。 (C) 游戏的目标是将球射入宽阔的球门。 (D) 游戏的目标是将球踢入地面上的小圆形目标中。,游戏内容是将球踢过一个高高的圆环。,1,no mistake,no correction needed,no correction needed,no answer needed
cuju_39.jpg,IBQ,China_IBQ.xlsx,cuju,球员的服装与比赛场地之间有什么显著的对比？,(A) 球员们身着现代服装，在草地上比赛。 (B) 球员们身着传统服饰，在人造草坪球场上比赛。 (C) 球员们身穿军装，在泥土地场上比赛。 (D) 球员们身着便服，在水泥球场上比赛。,球员们身着传统服饰，在人造草坪球场上比赛。,1,no mistake,no correction needed,no correction needed,no answer needed
cuju_39.jpg,IBQ,China_IBQ.xlsx,cuju,两组球员之间隔着球门。这说明比赛的性质如何？,(A) 这场游戏是单人表演。 (B) 这是一场两队对抗的比赛。 (C) 这些团体都是旁观者。 (D) 这些小组隶属于同一个培训课程。,这是一场两队对抗的比赛。,1,no mistake,no correction needed,no correction needed,no answer needed
cuju_39.jpg,IBQ,China_IBQ.xlsx,cuju,本次活动的主要目的是什么？,(A) 一项职业体育赛事。 (B) 一场轻松友好的非正式游戏。 (C) 历史文化展览。 (D) 为现代团队举办的训练课程。,历史文化展览。,1,no mistake,no correction needed,no correction needed,no answer needed
cuju_2.jpg,IBQ,China_IBQ.xlsx,cuju,图片中主要发生的活动是什么？,(A) 一场中国戏曲表演。 (B) 传统体育运动的演示。 (C) 有游行的节日。 (D) 功夫表演。,传统体育运动的演示。,1,no mistake,no correction needed,no correction needed,no answer needed
cuju_2.jpg,IBQ,China_IBQ.xlsx,cuju,这种蹴鞠形式的球门柱结构说明了什么？,(A) 这是一项现代创新。 (B) 它是历史球门的复制品。 (C) 它是一种仪式用拱门。 (D) 这是一个简单的网。,它是历史球门的复制品。,1,no mistake,no correction needed,no correction needed,no answer needed
cuju_2.jpg,IBQ,China_IBQ.xlsx,cuju,比赛场地的主要特征是什么？,(A) 这是一个现代化的、人造草坪球场。 (B) 这是一片绿草茵茵的户外场地。 (C) 这是一个历史悠久的室内体育馆。 (D) 这是一个铺砌石板的庭院，具有传统的中国建筑风格。,这是一个铺砌石板的庭院，具有传统的中国建筑风格。,1,no mistake,no correction needed,no correction needed,no answer needed
cuju_2.jpg,IBQ,China_IBQ.xlsx,cuju,背景中的人群扮演着什么角色？,(A) 他们是旁观者。 (B) 他们是其他玩家。 (C) 他们是法官。 (D) 他们都在等待轮到自己。,他们是旁观者。,1,no mistake,no correction needed,no correction needed,no answer needed
cuju_2.jpg,IBQ,China_IBQ.xlsx,cuju,这种形式的蹴鞠与现代足球的主要区别是什么？,(A) 蹴鞠使用的是较小的球。 (B) 主要目标是将球投进篮筐，而不是投进大网。 (C) 蹴鞠是一项团队运动，对参赛人数没有限制。 (D) 蹴鞠是一种不用脚踢的舞蹈。,主要目标是将球投进篮筐，而不是投进大网。,1,no mistake,no correction needed,no correction needed,no answer needed
cuju_34.jpg,IBQ,China_IBQ.xlsx,cuju,这张图片最显著的特征是什么？,(A) 一名身穿球衣的球员。 (B) 一排球员手持足球。 (C) 一个带有球门的足球场。 (D) 一群观众。,一排球员手持足球。,1,no mistake,no correction needed,no correction needed,no answer needed
cuju_34.jpg,IBQ,China_IBQ.xlsx,cuju,图片中的活动代表什么？,(A) 玩接球游戏。 (B) 足球比赛前的热身。 (C) 现代足球训练方法。 (D) 一场具有历史意义的蹴鞠表演。,现代足球训练方法。,1,no mistake,no correction needed,no correction needed,no answer needed
cuju_34.jpg,IBQ,China_IBQ.xlsx,cuju,所有球员都穿着同样的队服。这说明了什么？,(A) 他们是一个团队或一个体育学院。 (B) 他们是同一家族的成员。 (C) 他们是一群朋友。 (D) 他们是职业球员。,他们是一个团队或一个体育学院。,1,no mistake,no correction needed,no correction needed,no answer needed
cuju_34.jpg,IBQ,China_IBQ.xlsx,cuju,图片显示的是一群年轻人。这有什么意义呢？,(A) 这暗示足球只是儿童的运动。 (B) 这说明足球在中国青少年中越来越受欢迎。 (C) 这是一场校内比赛。 (D) 这是一支专业的团队。,这说明足球在中国青少年中越来越受欢迎。,1,no mistake,no correction needed,no correction needed,no answer needed
cuju_34.jpg,IBQ,China_IBQ.xlsx,cuju,这种活动与传统的蹴鞠游戏的主要区别是什么？,(A) 使用现代球。 (B) 注重领导和团队合作。 (C) 使用团队制服。 (D) 上述所有的。,上述所有的。,1,no mistake,no correction needed,no correction needed,no answer needed
cuju_42.jpg,IBQ,China_IBQ.xlsx,cuju,图片中显示的是什么物品？,(A) 棒球 (B) 一件古代体育运动的历史文物 (C) 现代比赛的奖杯 (D) 保龄球,一件古代体育运动的历史文物,0,"The image clearly shows a very old ball, likely a form of early football (cuju). While it's a historical artifact, the best description isn't just 'a historical artifact of an ancient sport,' but specifically what type of sport. Option (A) is a better fit as it resembles an early form of a ball used in sports.",图片中显示的是什么球？,(A) 古代足球 (B) 一件古代体育运动的历史文物 (C) 现代比赛的奖杯 (D) 保龄球,古代足球
cuju_42.jpg,IBQ,China_IBQ.xlsx,cuju,这个球的独特结构是由什么材料制成的？,(A) 空心橡胶芯 (B) 一种现代合成材料 (C) 缝合的皮革或兽皮 (D) 木质芯材，带有金属铆钉,缝合的皮革或兽皮,1,no mistake,no correction needed,no correction needed,no answer needed
cuju_42.jpg,IBQ,China_IBQ.xlsx,cuju,底座上的文字有什么意义？,(A) 这是一个品牌名称。 (B) 这是关于球的使用历史的记录。 (C) 文中指出，淄博临子市是足球的发源地。 (D) 这是献给一位著名球员的致敬之作。,文中指出，淄博临子市是足球的发源地。,1,no mistake,no correction needed,no correction needed,no answer needed
cuju_42.jpg,IBQ,China_IBQ.xlsx,cuju,从这个球的设计中可以推断出什么？,(A) 它的设计兼顾了轻便和耐用性。 (B) 它是为现代高速游戏而设计的。 (C) 那是一个结实、沉重的球。 (D) 它仅用于仪式用途。,它的设计兼顾了轻便和耐用性。,1,no mistake,no correction needed,no correction needed,no answer needed
cuju_42.jpg,IBQ,China_IBQ.xlsx,cuju,这个物品如今的用途是什么？,(A) 用于现代游戏。 (B) 作为历史文化象征。 (C) 将作为玩具出售。 (D) 用于科学研究。,作为历史文化象征。,1,no mistake,no correction needed,no correction needed,no answer needed
cuju_45.jpg,IBQ,China_IBQ.xlsx,cuju,玩家移动的主要目标是什么？,(A) 用拳头击球。 (B) 将球踢过高架篮筐。 (C) 进行防守性阻挡。 (D) 在地面上运球。,将球踢过高架篮筐。,1,no mistake,no correction needed,no correction needed,no answer needed
cuju_45.jpg,IBQ,China_IBQ.xlsx,cuju,背景中的人群暗示着什么？,(A) 这是一个小型私人聚会。 (B) 这是一场很受欢迎的公众示威活动。 (C) 这是一项正式的、具有竞争性的锦标赛。 (D) 这是一次培训课程。,这是一场很受欢迎的公众示威活动。,1,no mistake,no correction needed,no correction needed,no answer needed
cuju_45.jpg,IBQ,China_IBQ.xlsx,cuju,球员们穿着特定的服装。这代表什么？,(A) 他们的军衔。 (B) 他们的社会地位。 (C) 活动的喜庆性和传统性。 (D) 他们的团队归属。,活动的喜庆性和传统性。,1,no mistake,no correction needed,no correction needed,no answer needed
cuju_45.jpg,IBQ,China_IBQ.xlsx,cuju,这种形式的蹴鞠与现代足球有何不同？,(A) 这是一项团队运动。 (B) 目标是高高的篮筐，而不是宽阔的球网。 (C) 比赛没有裁判。 (D) 它使用较小的球。,目标是高高的篮筐，而不是宽阔的球网。,1,no mistake,no correction needed,no correction needed,no answer needed
cuju_50.jpg,IBQ,China_IBQ.xlsx,cuju,蹴鞠球门最显著的特点是什么？,(A) 它是由金属制成的。 (B) 它上面有一张网。 (C) 它由轻质材料制成。 (D) 它的顶部有一个圆形环。,它的顶部有一个圆形环。,1,no mistake,no correction needed,no correction needed,no answer needed
cuju_50.jpg,IBQ,China_IBQ.xlsx,cuju,球员们身处一片开阔的草地上。这说明比赛环境是怎样的？,(A) 这是一个现代化、专业的体育场。 (B) 这是一个公园或休闲区。 (C) 这里是一处历史悠久的宫殿遗址。 (D) 这是一个军事训练场。,这是一个公园或休闲区。,1,no mistake,no correction needed,no correction needed,no answer needed
cuju_50.jpg,IBQ,China_IBQ.xlsx,cuju,球员们穿的是什么类型的服装？,(A) 休闲运动服。 (B) 正装。 (C) 中国传统礼服。 (D) 日常服装。,中国传统礼服。,1,no mistake,no correction needed,no correction needed,no answer needed
cuju_50.jpg,IBQ,China_IBQ.xlsx,cuju,有些球员携带的旗帜和横幅有什么用途？,(A) 它们用于标记场地。 (B) 它们用来显示球队的排名。 (C) 它们是表演中的装饰元素。 (D) 它们被用作武器。,它们是表演中的装饰元素。,1,no mistake,no correction needed,no correction needed,no answer needed
cuju_50.jpg,IBQ,China_IBQ.xlsx,cuju,图中游戏的主要目标是什么？,(A) 尽可能把球踢得高。 (B) 让球保持在空中。 (C) 将球踢过篮筐。 (D) 擒抱对手。,将球踢过篮筐。,1,no mistake,no correction needed,no correction needed,no answer needed
cuju_54.jpg,IBQ,China_IBQ.xlsx,cuju,图中中心人物所持的物体是什么？,(A) 现代足球。 (B) 一场具有历史意义的蹴鞠舞会。 (C) 一个编织篮。 (D) 装饰品。,一场具有历史意义的蹴鞠舞会。,1,no mistake,no correction needed,no correction needed,no answer needed
cuju_54.jpg,IBQ,China_IBQ.xlsx,cuju,这个人拿着球，但没有踢球。这暗示了什么情况？,(A) 他是一名旁观者。 (B) 他是一名刚刚结束比赛的玩家。 (C) 他在一部历史剧中扮演一个角色。 (D) 他是裁判。,他在一部历史剧中扮演一个角色。,1,no mistake,no correction needed,no correction needed,no answer needed
cuju_54.jpg,IBQ,China_IBQ.xlsx,cuju,人物的衣着和外貌暗示了他的社会地位如何？,(A) 他是个平民。 (B) 他是一位将军。 (C) 他出身高贵，可能是贵族。 (D) 他只是个普通的商人。,他出身高贵，可能是贵族。,1,no mistake,no correction needed,no correction needed,no answer needed
cuju_54.jpg,IBQ,China_IBQ.xlsx,cuju,从这个球的结构中可以推断出什么信息？,(A) 它由一整块木头制成。 (B) 这是一个简单、现代的塑料球。 (C) 它由编织的布条制成。 (D) 它由结实的皮革制成。,它由编织的布条制成。,1,no mistake,no correction needed,no correction needed,no answer needed
cuju_54.jpg,IBQ,China_IBQ.xlsx,cuju,重现这一历史场景的可能原因是什么？,(A) 用于商业用途。 (B) 拍摄历史剧或电影。 (C) 用作博物馆展品。 (D) 为真正的蹴鞠比赛进行训练。,拍摄历史剧或电影。,1,no mistake,no correction needed,no correction needed,no answer needed
cuju_55.jpg,IBQ,China_IBQ.xlsx,cuju,蹴鞠游戏的地点在哪里？,(A) 一座现代化的体育场馆。 (B) 一个户外公园。 (C) 历史建筑庭院。 (D) 室内工作室。,历史建筑庭院。,1,no mistake,no correction needed,no correction needed,no answer needed
cuju_55.jpg,IBQ,China_IBQ.xlsx,cuju,蹴鞠球门柱的主要特点是什么？,(A) 它设计便于携带。 (B) 这是一座永久性建筑。 (C) 它是由混凝土制成的。 (D) 它有一张大网。,它设计便于携带。,1,no mistake,no correction needed,no correction needed,no answer needed
cuju_55.jpg,IBQ,China_IBQ.xlsx,cuju,从球员的着装中可以推断出什么信息？,(A) 它休闲百搭，适合日常穿着。 (B) 这是现代运动装备。 (C) 这是传统习俗，可能源自明朝或清朝等历史时期。 (D) 这是一套军装。,这是传统习俗，可能源自明朝或清朝等历史时期。,1,no mistake,no correction needed,no correction needed,no answer needed
cuju_55.jpg,IBQ,China_IBQ.xlsx,cuju,球员们的位置各不相同。这说明了什么？,(A) 他们正在进行比赛或演示。 (B) 他们都在等待轮到自己。 (C) 他们正在摆姿势拍照。 (D) 他们在赛前做拉伸运动。,他们正在进行比赛或演示。,1,no mistake,no correction needed,no correction needed,no answer needed
cuju_55.jpg,IBQ,China_IBQ.xlsx,cuju,这两个不同球门洞的主要用途是什么？,(A) 他们代表两支不同的队伍。 (B) 它们用于两款不同的游戏。 (C) 它们尺寸各异，难度级别也不同。 (D) 它们纯粹是装饰品。,它们尺寸各异，难度级别也不同。,1,no mistake,no correction needed,no correction needed,no answer needed
cuju_66.jpg,IBQ,China_IBQ.xlsx,cuju,图片中的人们都戴着口罩。这暗示了什么时期的情况？,(A) 故事背景设定在19世纪。 (B) 这是一件现代事件。 (C) 这是一场充满未来感的盛事。 (D) 这是一个古老的事件。,这是一件现代事件。,1,no mistake,no correction needed,no correction needed,no answer needed
cuju_66.jpg,IBQ,China_IBQ.xlsx,cuju,图片中展示的主要活动是什么？,(A) 抗议游行。 (B) 一场传统体育表演。 (C) 游行。 (D) 军事演习。,一场传统体育表演。,1,no mistake,no correction needed,no correction needed,no answer needed
cuju_66.jpg,IBQ,China_IBQ.xlsx,cuju,这场演出是在什么环境下进行的？,(A) 一个乡村。 (B) 宫殿庭院。 (C) 城墙或高台。 (D) 室内工作室。,城墙或高台。,1,no mistake,no correction needed,no correction needed,no answer needed
cuju_66.jpg,IBQ,China_IBQ.xlsx,cuju,中间的练习者手里拿着一个球。这个球是什么材质的？,(A) 橡皮。 (B) 塑料。 (C) 编织的稻草或竹子。 (D) 实木。,编织的稻草或竹子。,1,no mistake,no correction needed,no correction needed,no answer needed
cuju_66.jpg,IBQ,China_IBQ.xlsx,cuju,这些精心设计的服装和球门柱有什么用？,(A) 它们用于正式比赛。 (B) 它们将用于公共文化展览。 (C) 它们用于电影场景。 (D) 它们是宗教仪式的一部分。,它们将用于公共文化展览。,1,no mistake,no correction needed,no correction needed,no answer needed
cuju_77.jpg,IBQ,China_IBQ.xlsx,cuju,这种活动与传统蹴鞠有何不同？,(A) 它使用的是不同类型的球。 (B) 服装风格现代且运动。 (C) 重点在于拦截和射门得分。 (D) 上述所有的。,上述所有的。,1,no mistake,no correction needed,no correction needed,no answer needed
cuju_77.jpg,IBQ,China_IBQ.xlsx,cuju,球员服装的一个显著特点是什么？,(A) 他们身穿传统长袍。 (B) 他们穿着现代足球服。 (C) 他们穿着商务套装。 (D) 他们身穿军装。,他们穿着现代足球服。,1,no mistake,no correction needed,no correction needed,no answer needed
cuju_77.jpg,IBQ,China_IBQ.xlsx,cuju,这张图片反映了当今足球在中国的受欢迎程度吗？,(A) 它已被传统体育运动所取代。 (B) 这是一项小众运动。 (C) 这项运动很受欢迎，尤其受到年轻人的喜爱。 (D) 这是一项日渐衰落的运动。,这项运动很受欢迎，尤其受到年轻人的喜爱。,1,no mistake,no correction needed,no correction needed,no answer needed
cuju_77.jpg,IBQ,China_IBQ.xlsx,cuju,这项活动与蹴鞠有何关系？,(A) 它们属于同一项运动。 (B) 蹴鞠是这项运动的现代版本。 (C) 这是对蹴鞠的历史重现。 (D) 蹴鞠被认为是这项现代运动的历史起源。,蹴鞠被认为是这项现代运动的历史起源。,1,no mistake,no correction needed,no correction needed,no answer needed
cuju_81.jpg,IBQ,China_IBQ.xlsx,cuju,球员们都穿着冰鞋。他们穿的是哪种类型的冰鞋？,(A) 冰刀。 (B) 直排轮滑鞋。 (C) 四轮滑冰鞋。 (D) 轮滑鞋。,直排轮滑鞋。,0,"The question asks about the type of ice skates, but the correct answer '直排轮滑鞋' (inline skates) is incorrect based on the image. The image clearly shows people wearing traditional Chinese ice skates, which are '冰刀' (ice knives/blades).",球员们都穿着冰鞋。他们穿的是哪种冰鞋？,(A) 冰刀。 (B) 直排轮滑鞋。 (C) 四轮滑冰鞋。 (D) 轮滑鞋。,冰刀
cuju_81.jpg,IBQ,China_IBQ.xlsx,cuju,球员们的服装风格类似于哪个历史时期？,(A) 古罗马士兵。 (B) 中世纪欧洲骑士。 (C) 中国传统军服。 (D) 日本武士。,中国传统军服。,1,no mistake,no correction needed,no correction needed,no answer needed
cuju_81.jpg,IBQ,China_IBQ.xlsx,cuju,这个装置是安装在什么类型的表面上？,(A) 一个溜冰场。 (B) 一条铺好的道路。 (C) 冰封的表面，可能是冰冻的湖泊或河流。 (D) 室内轮滑场。,冰封的表面，可能是冰冻的湖泊或河流。,1,no mistake,no correction needed,no correction needed,no answer needed
cuju_81.jpg,IBQ,China_IBQ.xlsx,cuju,从这场演出中可以推断出怎样的文化背景？,(A) 这是一项现代体育赛事。 (B) 这是一个传统的冬季节日或历史重现活动。 (C) 这是一次军事训练演习。 (D) 这是一种非正式的做法。,这是一个传统的冬季节日或历史重现活动。,1,no mistake,no correction needed,no correction needed,no answer needed
cuju_89.jpg,IBQ,China_IBQ.xlsx,cuju,图中所示的中心活动是什么？,(A) 一群孩子在玩游戏。 (B) 一群人正在观看演出。 (C) 公共艺术装置。 (D) 一次摄影活动。,一群孩子在玩游戏。,1,no mistake,no correction needed,no correction needed,no answer needed
cuju_89.jpg,IBQ,China_IBQ.xlsx,cuju,孩子们在玩的是哪种历史运动的变体？,(A) 中国式沙包。 (B) 蹴鞠。 (C) 中国羽毛球。 (D) 现代足球。,蹴鞠。,1,no mistake,no correction needed,no correction needed,no answer needed
cuju_89.jpg,IBQ,China_IBQ.xlsx,cuju,孩子们的穿着和背景中成年人的穿着有什么显著区别？,(A) 孩子们身穿中国传统长袍。 (B) 孩子们穿着时尚休闲的服装。 (C) 孩子们身穿军装。 (D) 孩子们都穿着正式服装。,孩子们穿着时尚休闲的服装。,1,no mistake,no correction needed,no correction needed,no answer needed
cuju_89.jpg,IBQ,China_IBQ.xlsx,cuju,这幅图暗示了蹴鞠在当代扮演着怎样的角色？,(A) 它是一种教孩子了解历史的教育工具。 (B) 这是一项面向儿童的职业体育运动。 (C) 这是一项成人竞技运动。 (D) 这是一项被遗忘的运动。,它是一种教孩子了解历史的教育工具。,1,no mistake,no correction needed,no correction needed,no answer needed
cuju_89.jpg,IBQ,China_IBQ.xlsx,cuju,目标是一个带有篮网的高篮筐。这说明这种比赛风格是怎样的？,(A) 这款游戏以地面传球为主。 (B) 游戏的目标是将球踢过高处的目标。 (C) 这款游戏注重的是快速奔跑。 (D) 这项运动注重身体接触。,游戏的目标是将球踢过高处的目标。,1,no mistake,no correction needed,no correction needed,no answer needed
dragon_boat_racing_1.jpg,IBQ,China_IBQ.xlsx,Dragon_boat_racing,图片中显示的主要事件是什么？,(A) 一场赛艇比赛 (B) 一次钓鱼之旅 (C) 一场独木舟比赛 (D) 龙舟赛,龙舟赛,1,no mistake,no correction needed,no correction needed,no answer needed
dragon_boat_racing_1.jpg,IBQ,China_IBQ.xlsx,Dragon_boat_racing,在船上敲大鼓的人的目的是什么？,(A) 为了娱乐观众 (B) 为了保持节奏并同步桨手的划桨动作 (C) 标志着比赛开始 (D) 掌舵,为了保持节奏并同步桨手的划桨动作,1,no mistake,no correction needed,no correction needed,no answer needed
dragon_boat_racing_1.jpg,IBQ,China_IBQ.xlsx,Dragon_boat_racing,这些船只的设计有什么显著特点？,(A) 它们是由塑料制成的。 (B) 它们有着传统的龙头和龙尾。 (C) 它们体积小、重量轻。 (D) 它们由发动机驱动。,它们有着传统的龙头和龙尾。,1,no mistake,no correction needed,no correction needed,no answer needed
dragon_boat_racing_1.jpg,IBQ,China_IBQ.xlsx,Dragon_boat_racing,队员们穿的是什么类型的服装？,(A) 休闲服装 (B) 正式制服 (C) 救生衣和运动衫 (D) 潜水服,救生衣和运动衫,1,no mistake,no correction needed,no correction needed,no answer needed
dragon_boat_racing_1.jpg,IBQ,China_IBQ.xlsx,Dragon_boat_racing,桨手们如此拼尽全力，这说明这场比赛有什么特点？,(A) 这是一项休闲活动。 (B) 这是一项竞争非常激烈且对体能要求很高的运动。 (C) 这是一个缓慢而庄严的游行队伍。 (D) 这是一次团队建设活动。,这是一项竞争非常激烈且对体能要求很高的运动。,1,no mistake,no correction needed,no correction needed,no answer needed
dragon_boat_racing_2.jpg,IBQ,China_IBQ.xlsx,Dragon_boat_racing,这张图片的主要焦点是什么？,(A) 桨叶溅起的水花 (B) 团队的协调划桨努力 (C) 风景优美的背景 (D) 船的设计,团队的协调划桨努力,1,no mistake,no correction needed,no correction needed,no answer needed
dragon_boat_racing_2.jpg,IBQ,China_IBQ.xlsx,Dragon_boat_racing,所有桨叶同时入水和出水。这说明什么？,(A) 团队组织混乱。 (B) 团队配合得天衣无缝。 (C) 团队进展缓慢。 (D) 球队即将停止比赛。,团队配合得天衣无缝。,1,no mistake,no correction needed,no correction needed,no answer needed
dragon_boat_racing_2.jpg,IBQ,China_IBQ.xlsx,Dragon_boat_racing,穿蓝色救生衣的人的目的是什么？,(A) 他们是船长。 (B) 他们是教练。 (C) 他们是安全潜水员。 (D) 他们是旁观者。,他们是船长。,0,"The question asks about the purpose of people wearing blue life jackets, but the image shows a dragon boat racing team. The correct answer 'They are the captain' is not supported by the image. They appear to be rowers. The question is not factually correct given the image.",图中穿蓝色救生衣的人的身份是什么？,(A) 他们是船长。(B) 他们是教练。(C) 他们是划船运动员。(D) 他们是旁观者。,他们是划船运动员。
dragon_boat_racing_2.jpg,IBQ,China_IBQ.xlsx,Dragon_boat_racing,船舷边溅起的波浪和水花表明了什么？,(A) 船正在下沉。 (B) 船速很慢。 (C) 船静止不动。 (D) 船速非常快。,船速非常快。,1,no mistake,no correction needed,no correction needed,no answer needed
dragon_boat_racing_2.jpg,IBQ,China_IBQ.xlsx,Dragon_boat_racing,划桨者身体前倾，手臂向后拉。这种动作有什么作用？,(A) 保持船身平衡。 (B) 让自己冷静下来。 (C) 产生动力和推进力。 (D) 掌舵。,产生动力和推进力。,1,no mistake,no correction needed,no correction needed,no answer needed
dragon_boat_racing_4.jpg,IBQ,China_IBQ.xlsx,Dragon_boat_racing,船头那个人扮演什么角色？,(A) 舵手 (B) 首席鼓手 (C) 教练 (D) 旁观者,首席鼓手,0,The correct answer should be '舵手' (helmsman) based on the image. The person at the front of the boat is steering it. '首席鼓手' (lead drummer) is incorrect as the drummer is seated inside the boat.,船头的那个人扮演什么角色？,"['(A) 舵手', '(B) 鼓手', '(C) 教练', '(D) 队员']",舵手
dragon_boat_racing_4.jpg,IBQ,China_IBQ.xlsx,Dragon_boat_racing,划桨者身体前倾幅度很大，身体贴近水面。这种姿势的原因是什么？,(A) 为了避风。 (B) 为了获得更深、更有力的击球效果。 (C) 休息。 (D) 掌舵。,为了获得更深、更有力的击球效果。,1,no mistake,no correction needed,no correction needed,no answer needed
dragon_boat_racing_4.jpg,IBQ,China_IBQ.xlsx,Dragon_boat_racing,比赛是在哪种水域举行的？,(A) 海洋 (B) 河流或湖泊 (C) 游泳池 (D) 一条运河,河流或湖泊,1,no mistake,no correction needed,no correction needed,no answer needed
dragon_boat_racing_4.jpg,IBQ,China_IBQ.xlsx,Dragon_boat_racing,所有参赛者所穿救生衣的目的是什么？,(A) 确定他们的团队。 (B) 为了给他们保暖。 (C) 为了确保发生意外时的安全。 (D) 为了让他们看起来很专业。,为了确保发生意外时的安全。,1,no mistake,no correction needed,no correction needed,no answer needed
dragon_boat_racing_4.jpg,IBQ,China_IBQ.xlsx,Dragon_boat_racing,这张图片中船只设计的一个显著特点是什么？,(A) 它们完全相同。 (B) 它们都被涂上了龙的图案。 (C) 它们都被涂成了不同的颜色。 (D) 它们的大小各不相同。,它们都被涂上了龙的图案。,1,no mistake,no correction needed,no correction needed,no answer needed
dragon_boat_racing_5.jpg,IBQ,China_IBQ.xlsx,Dragon_boat_racing,这张图片的整体背景是什么？,(A) 小型非正式聚会。 (B) 一场盛大的、观众众多的体育赛事。 (C) 一次军事训练演习。 (D) 一次轻松的练习。,一场盛大的、观众众多的体育赛事。,1,no mistake,no correction needed,no correction needed,no answer needed
dragon_boat_racing_5.jpg,IBQ,China_IBQ.xlsx,Dragon_boat_racing,水中的彩色浮标有什么用途？,(A) 显示水深。 (B) 用于标示赛道和比赛路线。 (C) 用作船只的停泊处。 (D) 充当障碍物。,用于标示赛道和比赛路线。,1,no mistake,no correction needed,no correction needed,no answer needed
dragon_boat_racing_5.jpg,IBQ,China_IBQ.xlsx,Dragon_boat_racing,从球队的队服可以推断出哪些信息？,(A) 他们都来自同一个国家。 (B) 他们都是专业人士。 (C) 他们来自不同的队伍，从他们不同的队服颜色就能看出来。 (D) 他们都穿着休闲服装。,他们来自不同的队伍，从他们不同的队服颜色就能看出来。,1,no mistake,no correction needed,no correction needed,no answer needed
dragon_boat_racing_5.jpg,IBQ,China_IBQ.xlsx,Dragon_boat_racing,每艘船尾站立的人扮演什么角色？,(A) 教练 (B) 舵手 (C) 鼓手 (D) 队长,舵手,1,no mistake,no correction needed,no correction needed,no answer needed
dragon_boat_racing_5.jpg,IBQ,China_IBQ.xlsx,Dragon_boat_racing,比赛是在什么样的环境下进行的？,(A) 一条狭窄的河流 (B) 一个大型的开阔湖泊或水道 (C) 人工泳池 (D) 海洋,一个大型的开阔湖泊或水道,1,no mistake,no correction needed,no correction needed,no answer needed
dragon_boat_racing_6.jpg,IBQ,China_IBQ.xlsx,Dragon_boat_racing,这两艘船的设计有什么显著区别？,(A) 一艘是现代船只，另一艘是历史复制品。 (B) 一个有龙头，另一个没有。 (C) 其中一个比另一个大。 (D) 一个用于赛车，另一个用于运输。,一个有龙头，另一个没有。,1,no mistake,no correction needed,no correction needed,no answer needed
dragon_boat_racing_6.jpg,IBQ,China_IBQ.xlsx,Dragon_boat_racing,由此可以推断出这场比赛的举办地点是什么？,(A) 这是一条现代化的城市河流。 (B) 这是一个大湖。 (C) 这是一条乡村河流。 (D) 这是一个室内体育馆。,这是一条乡村河流。,1,no mistake,no correction needed,no correction needed,no answer needed
dragon_boat_racing_6.jpg,IBQ,China_IBQ.xlsx,Dragon_boat_racing,河中央船上的这些人有什么目的？,(A) 他们是旁观者。 (B) 他们是安全人员或工作人员。 (C) 他们也是比赛的一部分。 (D) 他们在售卖商品。,他们是安全人员或工作人员。,1,no mistake,no correction needed,no correction needed,no answer needed
dragon_boat_racing_6.jpg,IBQ,China_IBQ.xlsx,Dragon_boat_racing,前景中的两个人可能是什么？,(A) 运动员 (B) 观众 (C) 赛事官员 (D) 法官,观众,1,no mistake,no correction needed,no correction needed,no answer needed
dragon_boat_racing_6.jpg,IBQ,China_IBQ.xlsx,Dragon_boat_racing,阳光明媚的天气和熙熙攘攘的人群表明了什么？,(A) 这是一个大型节日或社区活动。 (B) 这是一场激烈的比赛。 (C) 这是一场职业体育比赛。 (D) 这是一场私人聚会。,这是一个大型节日或社区活动。,1,no mistake,no correction needed,no correction needed,no answer needed
dragon_boat_racing_10.jpg,IBQ,China_IBQ.xlsx,Dragon_boat_racing,图中所示的主要动作是什么？,(A) 桨被举过水面。 (B) 船是用桨来控制方向的。 (C) 桨叶同步入水。 (D) 拨片被用作刹车。,桨叶同步入水。,1,no mistake,no correction needed,no correction needed,no answer needed
dragon_boat_racing_10.jpg,IBQ,China_IBQ.xlsx,Dragon_boat_racing,船舷上溅起的水花象征着什么？,(A) 船正在下沉。 (B) 船正在高速行驶。 (C) 船静止不动。 (D) 水面波涛汹涌。,船正在高速行驶。,1,no mistake,no correction needed,no correction needed,no answer needed
dragon_boat_racing_10.jpg,IBQ,China_IBQ.xlsx,Dragon_boat_racing,船舷上绘制的图案有什么用途？,(A) 使船体更加流线型。 (B) 用来表现龙鳞。 (C) 为划桨者提供抓握点。 (D) 用于表示球队排名。,用来表现龙鳞。,1,no mistake,no correction needed,no correction needed,no answer needed
dragon_boat_racing_10.jpg,IBQ,China_IBQ.xlsx,Dragon_boat_racing,划桨者们都戴着手套。这是为什么呢？,(A) 为了保持双手温暖。 (B) 为了保护双手免受水泡之苦。 (C) 为了提高他们握桨的力度。 (D) 为了表明他们的团队。,为了保护双手免受水泡之苦。,1,no mistake,no correction needed,no correction needed,no answer needed
dragon_boat_racing_10.jpg,IBQ,China_IBQ.xlsx,Dragon_boat_racing,如图所示，团队成功的关键因素是什么？,(A) 每位桨手的实力。 (B) 船的设计。 (C) 桨手们配合得天衣无缝。 (D) 天气状况。,桨手们配合得天衣无缝。,1,no mistake,no correction needed,no correction needed,no answer needed
dragon_boat_racing_25.jpg,IBQ,China_IBQ.xlsx,Dragon_boat_racing,这张图片中最引人注目的元素是什么？,(A) 参赛选手们表情严肃。 (B) 竞争非常激烈。 (C) 赛前轻松愉快的氛围。 (D) 传统风格。,赛前轻松愉快的氛围。,1,no mistake,no correction needed,no correction needed,no answer needed
dragon_boat_racing_25.jpg,IBQ,China_IBQ.xlsx,Dragon_boat_racing,船上标有数字“4”和“6”。这代表什么？,(A) 船号和航道号。 (B) 划桨者人数。 (C) 比赛时间。 (D) 球队得分。,船号和航道号。,1,no mistake,no correction needed,no correction needed,no answer needed
dragon_boat_racing_25.jpg,IBQ,China_IBQ.xlsx,Dragon_boat_racing,国际桨手的参与对这项运动意味着什么？,(A) 这是一项新兴运动。 (B) 这是一项地方性的、区域性的体育运动。 (C) 它已成为一项广受欢迎的国际运动。 (D) 它只在中国流行。,它已成为一项广受欢迎的国际运动。,1,no mistake,no correction needed,no correction needed,no answer needed
dragon_boat_racing_25.jpg,IBQ,China_IBQ.xlsx,Dragon_boat_racing,船头拿着鼓的人是做什么用的？,(A) 他们是旁观者。 (B) 他们是舵手。 (C) 他们是鼓手。 (D) 他们是掌舵人。,他们是鼓手。,1,no mistake,no correction needed,no correction needed,no answer needed
dragon_boat_racing_25.jpg,IBQ,China_IBQ.xlsx,Dragon_boat_racing,这些船只装饰着什么传统元素？,(A) 旗帜和横幅。 (B) 精美的龙头和龙尾。 (C) 现代标志。 (D) 团队口号。,精美的龙头和龙尾。,1,no mistake,no correction needed,no correction needed,no answer needed
dragon_boat_racing_27.jpg,IBQ,China_IBQ.xlsx,Dragon_boat_racing,图中所示的主要活动是什么？,(A) 一场赛艇表演。 (B) 专业龙舟比赛。 (C) 一项休闲划船活动。 (D) 团队建设活动。,专业龙舟比赛。,1,no mistake,no correction needed,no correction needed,no answer needed
dragon_boat_racing_27.jpg,IBQ,China_IBQ.xlsx,Dragon_boat_racing,每艘船侧面的数字代表什么？,(A) 船上的人数。 (B) 船只的航道编号。 (C) 球队排名。 (D) 球队的年龄。,船只的航道编号。,1,no mistake,no correction needed,no correction needed,no answer needed
dragon_boat_racing_27.jpg,IBQ,China_IBQ.xlsx,Dragon_boat_racing,站在船头平台上的人扮演什么角色？,(A) 舵手。 (B) 教练。 (C) 鼓手。 (D) 队长。,鼓手。,1,no mistake,no correction needed,no correction needed,no answer needed
dragon_boat_racing_27.jpg,IBQ,China_IBQ.xlsx,Dragon_boat_racing,舵手的职责是什么？,(A) 引导和掌舵。 (B) 激励团队。 (C) 为观众加油。 (D) 确保团队步调一致。,引导和掌舵。,1,no mistake,no correction needed,no correction needed,no answer needed
dragon_boat_racing_27.jpg,IBQ,China_IBQ.xlsx,Dragon_boat_racing,船上的人为了安全起见穿的是什么？,(A) 遮阳帽和救生衣。 (B) 太阳镜和救生衣。 (C) 安全头盔和救生衣。 (D) 救生衣和运动服。,遮阳帽和救生衣。,0,"The question asks what people on the boat are wearing for safety, but the image shows people primarily wearing life jackets (救生衣). While some might be wearing hats, the primary safety gear is life jackets. The current correct answer includes hats (遮阳帽), which isn't the most prominent or important safety feature visible in the image. Also, option A and B have duplicate values.",船上的人为了安全起见主要穿的是什么？,(A) 遮阳帽和救生衣。 (B) 太阳镜和救生衣。 (C) 安全头盔和救生衣。 (D) 救生衣。,救生衣
dragon_boat_racing_36.jpg,IBQ,China_IBQ.xlsx,Dragon_boat_racing,这张照片是从什么角度拍摄的？,(A) 从水中。 (B) 从海岸线上。 (C) 从上方俯视船只。 (D) 来自另一艘船。,从上方俯视船只。,1,no mistake,no correction needed,no correction needed,no answer needed
dragon_boat_racing_36.jpg,IBQ,China_IBQ.xlsx,Dragon_boat_racing,船中央穿黄色衬衫的人是做什么的？,(A) 舵手。 (B) 教练。 (C) 鼓手。 (D) 队长。,鼓手。,1,no mistake,no correction needed,no correction needed,no answer needed
dragon_boat_racing_36.jpg,IBQ,China_IBQ.xlsx,Dragon_boat_racing,划桨手对称地分布在船的两侧。这说明了什么？,(A) 他们之间存在竞争关系。 (B) 他们正努力保持船的平衡。 (C) 他们没有在划船。 (D) 他们分别代表两支不同的队伍参赛。,他们正努力保持船的平衡。,1,no mistake,no correction needed,no correction needed,no answer needed
dragon_boat_racing_36.jpg,IBQ,China_IBQ.xlsx,Dragon_boat_racing,划桨者身体前倾，呈深蹲姿势。这种姿势的目的是什么？,(A) 休息。 (B) 为了最大限度地发挥腿部和核心力量。 (C) 为了避免弄湿。 (D) 标志着比赛结束。,为了最大限度地发挥腿部和核心力量。,1,no mistake,no correction needed,no correction needed,no answer needed
dragon_boat_racing_36.jpg,IBQ,China_IBQ.xlsx,Dragon_boat_racing,如果没有龙头，这艘船的设计目的是什么？,(A) 它是古代船只的复制品。 (B) 这是一艘现代化的、速度更快的赛艇。 (C) 这是一艘训练艇。 (D) 这是一艘用途不同的船。,这是一艘训练艇。,1,no mistake,no correction needed,no correction needed,no answer needed
dragon_boat_racing_45.jpg,IBQ,China_IBQ.xlsx,Dragon_boat_racing,这场比赛最突出的视觉元素是什么？,(A) 参赛船只的数量。 (B) 各队队服颜色。 (C) 船的速度。 (D) 观众人数。,各队队服颜色。,1,no mistake,no correction needed,no correction needed,no answer needed
dragon_boat_racing_45.jpg,IBQ,China_IBQ.xlsx,Dragon_boat_racing,每艘船尾用长桨掌舵的人的作用是什么？,(A) 队长。 (B) 鼓手。 (C) 舵手。 (D) 教练。,舵手。,1,no mistake,no correction needed,no correction needed,no answer needed
dragon_boat_racing_45.jpg,IBQ,China_IBQ.xlsx,Dragon_boat_racing,这些船只在不同的航道上行驶。这说明什么？,(A) 各队之间正在进行比赛。 (B) 他们正在进行一次友好的郊游。 (C) 他们是一个团队。 (D) 他们正在进行训练。,各队之间正在进行比赛。,1,no mistake,no correction needed,no correction needed,no answer needed
dragon_boat_racing_45.jpg,IBQ,China_IBQ.xlsx,Dragon_boat_racing,海岸线上旗杆上的旗帜有什么象征意义？,(A) 它们是用来装饰的。 (B) 它们是不同国家的国旗。 (C) 这些是给赛事官员用的旗帜。 (D) 它们标示着比赛路线和终点线。,它们标示着比赛路线和终点线。,1,no mistake,no correction needed,no correction needed,no answer needed
dragon_boat_racing_53.jpg,IBQ,China_IBQ.xlsx,Dragon_boat_racing,图片中展示的主要活动是什么？,(A) 一场激烈的龙舟比赛。 (B) 赛前练习赛。 (C) 一次休闲划船之旅。 (D) 河上游行。,一场激烈的龙舟比赛。,1,no mistake,no correction needed,no correction needed,no answer needed
dragon_boat_racing_53.jpg,IBQ,China_IBQ.xlsx,Dragon_boat_racing,本次比赛的赛艇设计有什么显著特点？,(A) 它们的颜色都一样。 (B) 它们都被涂上了龙的图案。 (C) 它们的大小各不相同。 (D) 它们没有采用传统的龙头造型，而是采用了更简洁、颜色各异的头部造型。,它们没有采用传统的龙头造型，而是采用了更简洁、颜色各异的头部造型。,0,"The correct answer, as stated, contradicts the image. The boats clearly have traditional dragon head designs. The question and options are based on a false premise.",本次比赛的赛艇有什么显著特点？,(A) 它们颜色各异。(B) 它们都装饰有龙头的图案。(C) 它们的大小各不相同。(D) 它们没有采用传统的龙头造型，而是采用了更简洁的头部造型。,它们都装饰有龙头的图案。
dragon_boat_racing_53.jpg,IBQ,China_IBQ.xlsx,Dragon_boat_racing,划桨者身体大幅度前倾。这种姿势的目的是什么？,(A) 让手臂休息一下。 (B) 伸展一下背部。 (C) 为了产生更长、更有力的击球。 (D) 为了让自己冷静下来。,为了产生更长、更有力的击球。,1,no mistake,no correction needed,no correction needed,no answer needed
dragon_boat_racing_53.jpg,IBQ,China_IBQ.xlsx,Dragon_boat_racing,每艘船尾坐在高台上的人扮演什么角色？,(A) 教练。 (B) 鼓手。 (C) 舵手。 (D) 队长。,舵手。,1,no mistake,no correction needed,no correction needed,no answer needed
dragon_boat_racing_61.jpg,IBQ,China_IBQ.xlsx,Dragon_boat_racing,图片中船只最显著的特征是什么？,(A) 它们形状细长。 (B) 色彩鲜艳、装饰精美的龙头。 (C) 大量的划桨者。 (D) 船上的旗帜。,色彩鲜艳、装饰精美的龙头。,1,no mistake,no correction needed,no correction needed,no answer needed
dragon_boat_racing_61.jpg,IBQ,China_IBQ.xlsx,Dragon_boat_racing,这张图片传达了怎样的整体氛围？,(A) 一场紧张而平静的比赛。 (B) 轻松惬意的乘船之旅。 (C) 一个充满活力、喜庆的节日。 (D) 阅兵式。,一个充满活力、喜庆的节日。,1,no mistake,no correction needed,no correction needed,no answer needed
dragon_boat_racing_61.jpg,IBQ,China_IBQ.xlsx,Dragon_boat_racing,龙头上那些长长的、像头发一样的流苏有什么用处？,(A) 它们是船只转向机构的一部分。 (B) 它们纯粹是装饰品。 (C) 它们是传统的装饰和礼仪元素。 (D) 它们用于提高船速。,它们是传统的装饰和礼仪元素。,1,no mistake,no correction needed,no correction needed,no answer needed
dragon_boat_racing_61.jpg,IBQ,China_IBQ.xlsx,Dragon_boat_racing,那些不划桨的人扮演什么角色？,(A) 他们是旁观者。 (B) 他们是教练。 (C) 他们是赛事官员。 (D) 他们是鼓手或舵手。,他们是鼓手或舵手。,1,no mistake,no correction needed,no correction needed,no answer needed
dragon_boat_racing_61.jpg,IBQ,China_IBQ.xlsx,Dragon_boat_racing,赢得龙舟比赛的关键是什么？,(A) 每位桨手的实力。 (B) 船上的人数。 (C) 桨手们的同步性和团队合作。 (D) 船的重量。,桨手们的同步性和团队合作。,1,no mistake,no correction needed,no correction needed,no answer needed
dragon_boat_racing_62.jpg,IBQ,China_IBQ.xlsx,Dragon_boat_racing,图片中最引人注目的场景元素是什么？,(A) 一条天然的乡村河流。 (B) 一座拥有水道的现代化都市。 (C) 人工湖。 (D) 一座人工室内竞技场。,一座拥有水道的现代化都市。,1,no mistake,no correction needed,no correction needed,no answer needed
dragon_boat_racing_62.jpg,IBQ,China_IBQ.xlsx,Dragon_boat_racing,船舷上的数字代表什么？,(A) 球队得分。 (B) 船上的人数。 (C) 船只的航道编号。 (D) 球队排名。,船只的航道编号。,1,no mistake,no correction needed,no correction needed,no answer needed
dragon_boat_racing_62.jpg,IBQ,China_IBQ.xlsx,Dragon_boat_racing,从湛蓝的天空和晴朗的天气可以推断出这场比赛的什么情况？,(A) 比赛在夜间举行。 (B) 比赛已延期。 (C) 天气是影响比赛的关键因素。 (D) 这里条件非常适合举办户外活动。,这里条件非常适合举办户外活动。,1,no mistake,no correction needed,no correction needed,no answer needed
dragon_boat_racing_62.jpg,IBQ,China_IBQ.xlsx,Dragon_boat_racing,背景中那些小船的主要用途是什么？,(A) 它们是供个人使用。 (B) 它们仅用于娱乐目的。 (C) 他们的职责是确保船只安全。 (D) 他们是来帮助观众的。,他们的职责是确保船只安全。,1,no mistake,no correction needed,no correction needed,no answer needed
dragon_boat_racing_62.jpg,IBQ,China_IBQ.xlsx,Dragon_boat_racing,划桨者们动作同步。这样做有什么好处？,(A) 它让船只看起来更具吸引力。 (B) 这是传统要求。 (C) 这是速度方面的竞争优势。 (D) 这样船更容易转弯。,这是速度方面的竞争优势。,1,no mistake,no correction needed,no correction needed,no answer needed
dragon_boat_racing_66.jpg,IBQ,China_IBQ.xlsx,Dragon_boat_racing,前景中船只最突出的视觉元素是什么？,(A) 庞大的划桨队伍。 (B) 栩栩如生、细节丰富的龙头。 (C) 水面上的波浪。 (D) 球队的队服。,栩栩如生、细节丰富的龙头。,1,no mistake,no correction needed,no correction needed,no answer needed
dragon_boat_racing_66.jpg,IBQ,China_IBQ.xlsx,Dragon_boat_racing,船头靠近龙头的那个人扮演什么角色？,(A) 舵手。 (B) 领头桨手。 (C) 鼓手。 (D) 队长。,鼓手。,1,no mistake,no correction needed,no correction needed,no answer needed
dragon_boat_racing_66.jpg,IBQ,China_IBQ.xlsx,Dragon_boat_racing,两队服装有什么显著区别？,(A) 他们穿着不同颜色的救生衣。 (B) 他们穿着同样的制服。 (C) 他们穿着救生衣，但没有穿制服。 (D) 他们都穿着白色救生衣。,他们穿着不同颜色的救生衣。,1,no mistake,no correction needed,no correction needed,no answer needed
dragon_boat_racing_72.jpg,IBQ,China_IBQ.xlsx,Dragon_boat_racing,这张照片中相机的视角是什么？,(A) 从船边。 (B) 从船上上方拍摄。 (C) 从船尾向前看。 (D) 从船头向后看。,从船尾向前看。,1,no mistake,no correction needed,no correction needed,no answer needed
dragon_boat_racing_72.jpg,IBQ,China_IBQ.xlsx,Dragon_boat_racing,划桨手的服装有什么显著特点？,(A) 他们都戴着头盔。 (B) 他们穿着同款衬衫和帽子。 (C) 他们穿着救生衣。 (D) 他们都穿着同一种颜色的衣服。,他们穿着同款衬衫和帽子。,1,no mistake,no correction needed,no correction needed,no answer needed
dragon_boat_racing_72.jpg,IBQ,China_IBQ.xlsx,Dragon_boat_racing,图中所示划桨者动作的关键要素是什么？,(A) 他们在休息。 (B) 他们的位置各不相同。 (C) 他们握桨的方式并不一致。 (D) 他们动作同步，同时举起桨。,他们动作同步，同时举起桨。,1,no mistake,no correction needed,no correction needed,no answer needed
dragon_boat_racing_72.jpg,IBQ,China_IBQ.xlsx,Dragon_boat_racing,图片背景显示的是什么？,(A) 一条绿树成荫的天然河流。 (B) 一座拥有现代化都市结构的现代化城市。 (C) 一个开阔的大湖。 (D) 一个乡村。,一座拥有现代化都市结构的现代化城市。,1,no mistake,no correction needed,no correction needed,no answer needed
dragon_boat_racing_72.jpg,IBQ,China_IBQ.xlsx,Dragon_boat_racing,最前面的人画面模糊不清。这暗示着他/她扮演什么角色？,(A) 他们是掌舵人。 (B) 他们是鼓手。 (C) 他们是旁观者。 (D) 他们是队长。,他们是鼓手。,1,no mistake,no correction needed,no correction needed,no answer needed
dragon_boat_racing_75.jpg,IBQ,China_IBQ.xlsx,Dragon_boat_racing,站在船尾的那个人是做什么用的？,(A) 鼓手。 (B) 教练。 (C) 舵手。 (D) 队长。,教练。,0,"The question asks about the person at the stern (船尾) of the boat. Based on the image, the person at the stern is clearly the drummer (鼓手), setting the pace for the rowers in a dragon boat. The given correct answer '教练 (coach)' is incorrect. Also, the question is vague; it could be any person in the boat.",在龙舟的船尾处，那位队员的作用是什么？,(A) 鼓手。 (B) 舵手。 (C) 教练。 (D) 领队。,鼓手。
dragon_boat_racing_75.jpg,IBQ,China_IBQ.xlsx,Dragon_boat_racing,划桨者服装最显著的特点是什么？,(A) 他们的太阳镜。 (B) 他们的救生衣。 (C) 他们的帽子。 (D) 他们的衬衫。,他们的救生衣。,1,no mistake,no correction needed,no correction needed,no answer needed
dragon_boat_racing_75.jpg,IBQ,China_IBQ.xlsx,Dragon_boat_racing,船中间的划桨手们高举着船桨。这代表什么？,(A) 他们正在庆祝胜利。 (B) 他们在向朋友发出信号。 (C) 比赛结束了。 (D) 他们正在休息或执行指令。,他们正在休息或执行指令。,1,no mistake,no correction needed,no correction needed,no answer needed
dragon_boat_racing_75.jpg,IBQ,China_IBQ.xlsx,Dragon_boat_racing,这张图片与种族图片最显著的区别是什么？,(A) 教练在场。 (B) 没有龙头。 (C) 划桨者们轻松自在的态度。 (D) 没有鼓的事实。,划桨者们轻松自在的态度。,1,no mistake,no correction needed,no correction needed,no answer needed
dragon_boat_racing_80.jpg,IBQ,China_IBQ.xlsx,Dragon_boat_racing,每艘船前平台上的工作人员扮演什么角色？,(A) 舵手。 (B) 鼓手。 (C) 教练。 (D) 队长。,鼓手。,1,no mistake,no correction needed,no correction needed,no answer needed
dragon_boat_racing_80.jpg,IBQ,China_IBQ.xlsx,Dragon_boat_racing,水花四溅表明什么？,(A) 船正在下沉。 (B) 船速很慢。 (C) 船静止不动。 (D) 船速非常快。,船速非常快。,1,no mistake,no correction needed,no correction needed,no answer needed
go_5.jpg,IBQ,China_IBQ.xlsx,go,图片中展示的是什么游戏？,(A) 棋 (B) 围棋 (C) 跳棋 (D) 双陆棋,围棋,1,no mistake,no correction needed,no correction needed,no answer needed
go_5.jpg,IBQ,China_IBQ.xlsx,go,这些黑白圆盘叫什么？,(A) 兵 (B) 薯片 (C) 石头 (D) 光盘,石头,0,The correct answer should be '光盘' (discs/stones used in Go) based on the image. '石头' (stones/rocks) is too general. The question also lacks context; it would be better to specify that these are game pieces.,图中的黑白圆形棋子叫什么？,(A) 兵 (B) 薯片 (C) 光盘 (D) 积木,光盘
go_5.jpg,IBQ,China_IBQ.xlsx,go,这个游戏的主要目标是什么？,(A) 吃掉对方所有棋子。 (B) 占据棋盘上最多的领土。 (C) 到达棋盘的另一边。 (D) 形成特定图案。,占据棋盘上最多的领土。,1,no mistake,no correction needed,no correction needed,no answer needed
go_5.jpg,IBQ,China_IBQ.xlsx,go,如图所示，围棋棋盘的一个显著特点是什么？,(A) 它有棋盘格图案。 (B) 这是一个有交叉点的正方形网格。 (C) 它呈圆形图案。 (D) 这是一块很大的纯色木板。,这是一个有交叉点的正方形网格。,1,no mistake,no correction needed,no correction needed,no answer needed
go_5.jpg,IBQ,China_IBQ.xlsx,go,这两个木碗是做什么用的？,(A) 用于储存捕获的石头。 (B) 用来存放玩家自己的棋子。 (C) 用来存放玩家多余的棋子。 (D) 可用作计时器。,用来存放玩家自己的棋子。,1,no mistake,no correction needed,no correction needed,no answer needed
go_10.jpg,IBQ,China_IBQ.xlsx,go,图中所示的主要动作是什么？,(A) 一名玩家正在移动石子。 (B) 一名球员正在取石。 (C) 一名玩家吃掉了一颗棋子。 (D) 一名玩家将棋子放置在棋盘上。,一名玩家将棋子放置在棋盘上。,1,no mistake,no correction needed,no correction needed,no answer needed
go_10.jpg,IBQ,China_IBQ.xlsx,go,这个人正在把一块石头放在棋盘上。传统上与这个动作相关的声音是什么？,(A) 轻轻一按 (B) 一声响亮的咔嚓声 (C) 轻轻的敲击声 (D) 一声清脆的响声,一声清脆的响声,1,no mistake,no correction needed,no correction needed,no answer needed
go_10.jpg,IBQ,China_IBQ.xlsx,go,为什么棋盘上已经有这么多棋子了？,(A) 这款游戏节奏很快。 (B) 游戏正处于一个复杂的阶段。 (C) 这个游戏很简单。 (D) 游戏时间很短。,游戏正处于一个复杂的阶段。,1,no mistake,no correction needed,no correction needed,no answer needed
go_10.jpg,IBQ,China_IBQ.xlsx,go,一只手正在放置一块白石头。这表示什么？,(A) 白方处于优势地位。 (B) 轮到白方走棋了。 (C) 白方处于劣势。 (D) 白方刚刚吃掉了一枚棋子。,轮到白方走棋了。,1,no mistake,no correction needed,no correction needed,no answer needed
go_10.jpg,IBQ,China_IBQ.xlsx,go,从棋子的排列方式可以看出，围棋的一个关键原则是什么？,(A) 这个游戏以画直线为基础。 (B) 这款游戏以领土控制和影响力为基础。 (C) 这个游戏的目标是吃掉对方的棋子。 (D) 这款游戏基于特定的模式。,这款游戏以领土控制和影响力为基础。,1,no mistake,no correction needed,no correction needed,no answer needed
go_17.jpg,IBQ,China_IBQ.xlsx,go,这个特写镜头中正在发生什么动作？,(A) 一名玩家正在移动石子。 (B) 一名玩家即将吃掉一颗棋子。 (C) 一名玩家即将把一颗黑棋子放在棋盘上。 (D) 一名玩家正在移走一颗石子。,一名玩家即将把一颗黑棋子放在棋盘上。,1,no mistake,no correction needed,no correction needed,no answer needed
go_17.jpg,IBQ,China_IBQ.xlsx,go,棋手的手以一种特定的方式握棋。这种技巧叫什么？,(A) 捏 (B) 抓握 (C) “中国式” (D) “日式”风格,“日式”风格,1,no mistake,no correction needed,no correction needed,no answer needed
go_17.jpg,IBQ,China_IBQ.xlsx,go,围棋棋盘的常用材料是什么？,(A) 塑料 (B) 玻璃 (C) 木头 (D) 金属,木头,1,no mistake,no correction needed,no correction needed,no answer needed
go_17.jpg,IBQ,China_IBQ.xlsx,go,这些石头被放置在网格的交叉点上。这有什么意义呢？,(A) 这是一种审美选择。 (B) 这是将围棋与其他游戏区分开来的一种方式。 (C) 它允许进行更复杂的战略博弈。 (D) 这是一项历史悠久的传统。,它允许进行更复杂的战略博弈。,1,no mistake,no correction needed,no correction needed,no answer needed
go_17.jpg,IBQ,China_IBQ.xlsx,go,这张图片传达了怎样的整体氛围？,(A) 一款轻松有趣的休闲游戏。 (B) 一场激烈而专注的比赛。 (C) 一款节奏快、能量高的游戏。 (D) 一款简单轻松的游戏。,一场激烈而专注的比赛。,1,no mistake,no correction needed,no correction needed,no answer needed
go_19.jpg,IBQ,China_IBQ.xlsx,go,为什么有些石头会成群排列？,(A) 阻挡对手。 (B) 划分领地，创造生存的“眼睛”。 (C) 创造美丽的图案。 (D) 迷惑对手。,划分领地，创造生存的“眼睛”。,1,no mistake,no correction needed,no correction needed,no answer needed
go_19.jpg,IBQ,China_IBQ.xlsx,go,白色背景的主要用途是什么？,(A) 分散观众注意力。 (B) 营造平静的氛围。 (C) 为了让黑色石头更加突出。 (D) 为游戏提供简洁、清晰的视觉焦点。,为游戏提供简洁、清晰的视觉焦点。,1,no mistake,no correction needed,no correction needed,no answer needed
go_19.jpg,IBQ,China_IBQ.xlsx,go,黑棋所代表的对手策略是什么？,(A) 围绕一块白色石头。 (B) 形成一个覆盖整个市场的庞大链条。 (C) 包围棋盘上更大的区域。 (D) 构筑防御墙。,包围棋盘上更大的区域。,1,no mistake,no correction needed,no correction needed,no answer needed
go_19.jpg,IBQ,China_IBQ.xlsx,go,这款游戏基于哪种战略理念？,(A) 侵略性和直接对抗。 (B) 逐步包围和领土扩张。 (C) 快速攻击和迅捷的移动。 (D) 一系列预先计划好的行动。,逐步包围和领土扩张。,1,no mistake,no correction needed,no correction needed,no answer needed
go_22.jpg,IBQ,China_IBQ.xlsx,go,这幅古代绘画描绘的主要活动是什么？,(A) 一群女性正在玩棋盘游戏。 (B) 一次皇家宫廷会议。 (C) 一群妇女在喝茶。 (D) 家庭聚会。,一群女性正在玩棋盘游戏。,1,no mistake,no correction needed,no correction needed,no answer needed
go_22.jpg,IBQ,China_IBQ.xlsx,go,他们玩的是什么游戏？,(A) 跳棋。 (B) 麻将。 (C) 围棋。 (D) 象棋（中国象棋）。,围棋。,1,no mistake,no correction needed,no correction needed,no answer needed
go_22.jpg,IBQ,China_IBQ.xlsx,go,从女性的穿着和所处环境可以看出她们的社会地位如何？,(A) 他们是平民百姓。 (B) 他们的社会地位很低。 (C) 他们家境富裕，社会地位显赫。 (D) 他们是仆人。,他们家境富裕，社会地位显赫。,1,no mistake,no correction needed,no correction needed,no answer needed
go_22.jpg,IBQ,China_IBQ.xlsx,go,围棋出现在这幅画中，这暗示了围棋的历史意义是什么？,(A) 这是一款面向下层阶级的游戏。 (B) 这曾是中国上流社会流行的一种消遣方式。 (C) 它曾被用于军事战略。 (D) 它只由男性演奏。,这曾是中国上流社会流行的一种消遣方式。,1,no mistake,no correction needed,no correction needed,no answer needed
go_22.jpg,IBQ,China_IBQ.xlsx,go,场景整体传达的氛围如何？,(A) 气氛紧张，竞争激烈。 (B) 一个休闲、充满智慧和社交乐趣的地方。 (C) 节奏快、充满活力。 (D) 一个安静、独居的人。,一个休闲、充满智慧和社交乐趣的地方。,1,no mistake,no correction needed,no correction needed,no answer needed
go_26.jpg,IBQ,China_IBQ.xlsx,go,这则历史广告主要描绘的是什么活动？,(A) 日本女性在玩游戏。 (B) 日本女性在喝茶。 (C) 日本戏剧中的一个场景。 (D) 社交聚会。,日本女性在玩游戏。,1,no mistake,no correction needed,no correction needed,no answer needed
go_26.jpg,IBQ,China_IBQ.xlsx,go,这张图片的目的是什么？,(A) 这是一幅历史画。 (B) 这是一张历史事件的照片。 (C) 这是一则产品广告。 (D) 这是一张电影宣传海报。,这是一则产品广告。,1,no mistake,no correction needed,no correction needed,no answer needed
go_26.jpg,IBQ,China_IBQ.xlsx,go,根据这张图片，我们可以推断出这款游戏在文化传播方面的哪些情况？,(A) 它只在中国上映过。 (B) 它主要是一款日本游戏。 (C) 它从中国传播到日本等其他东亚国家。 (D) 这是一场欧洲比赛。,它从中国传播到日本等其他东亚国家。,1,no mistake,no correction needed,no correction needed,no answer needed
go_26.jpg,IBQ,China_IBQ.xlsx,go,这些女性穿着什么类型的服装？,(A) 休闲西式服装。 (B) 中国长袍。 (C) 日本传统和服。 (D) 韩服。,日本传统和服。,1,no mistake,no correction needed,no correction needed,no answer needed
go_31.jpg,IBQ,China_IBQ.xlsx,go,这张图片的主要焦点是什么？,(A) 围棋棋盘的构造。 (B) 玩家的手。 (C) 棋盘上有一小堆棋子。 (D) 从远处看整个棋盘。,棋盘上有一小堆棋子。,1,no mistake,no correction needed,no correction needed,no answer needed
go_31.jpg,IBQ,China_IBQ.xlsx,go,这些成簇的石块有什么战略意义？,(A) 它们位置偏僻，容易捕捉。 (B) 他们正在形成一个“领地”或影响范围。 (C) 它们被随机放置。 (D) 这是输掉比赛的结果。,他们正在形成一个“领地”或影响范围。,1,no mistake,no correction needed,no correction needed,no answer needed
go_31.jpg,IBQ,China_IBQ.xlsx,go,黑色的石头围绕着白色的石头形成了一个松散的圆圈。这可能是出于什么目的？,(A) 去捕捉白色的石头。 (B) 为了保护白色石头。 (C) 制作一个漂亮的图案。 (D) 迷惑白方。,去捕捉白色的石头。,1,no mistake,no correction needed,no correction needed,no answer needed
go_31.jpg,IBQ,China_IBQ.xlsx,go,赢得围棋比赛的关键是什么？,(A) 吃掉对方所有的棋子。 (B) 棋盘上棋子数量更多。 (C) 控制的领土比对手多。 (D) 第一个放石头的人。,控制的领土比对手多。,1,no mistake,no correction needed,no correction needed,no answer needed
go_31.jpg,IBQ,China_IBQ.xlsx,go,围棋棋盘材料最显著的特点是什么？,(A) 它是由塑料制成的。 (B) 它是一种浅色木材，带有网格图案。 (C) 这是一种深色木材。 (D) 它是用石头做的。,它是一种浅色木材，带有网格图案。,1,no mistake,no correction needed,no correction needed,no answer needed
go_41.jpg,IBQ,China_IBQ.xlsx,go,这些白色石头排列成一条长长的蜿蜒路线。这种排列方式可能代表什么？,(A) 装饰图案。 (B) 一串石头或一组石头。 (C) 随意摆放的石头。 (D) 一道防御墙。,一串石头或一组石头。,0,"The image shows a Go board with black and white stones arranged in a pattern, not white stones in a winding route as described in the question. Therefore, the question is factually incorrect based on the image. The options also do not align well with the image.",图中的黑白棋子排列成什么样子？,"['(A) 随机分布的。', '(B) 沿着一条线路排列的。', '(C) 形成复杂的图案。', '(D) 分散在棋盘上。']",形成复杂的图案。
go_41.jpg,IBQ,China_IBQ.xlsx,go,板子两侧的两个碗是做什么用的？,(A) 用于储存捕获的石头。 (B) 在游戏过程中用来保管玩家的棋子。 (C) 用作计时器。 (D) 用来存放一套备用宝石。,在游戏过程中用来保管玩家的棋子。,1,no mistake,no correction needed,no correction needed,no answer needed
go_41.jpg,IBQ,China_IBQ.xlsx,go,黑白棋子之间存在怎样的战略关系？,(A) 它们都在试图形成相同的形状。 (B) 它们都在试图夺取对方的石头和领地。 (C) 他们正试图共同创造一种模式。 (D) 他们之间没有亲属关系。,它们都在试图夺取对方的石头和领地。,1,no mistake,no correction needed,no correction needed,no answer needed
go_41.jpg,IBQ,China_IBQ.xlsx,go,整体布置的美感如何？,(A) 现代简约美学。 (B) 简约休闲的美学风格。 (C) 传统、经典的审美。 (D) 一种凌乱、无序的美学风格。,传统、经典的审美。,1,no mistake,no correction needed,no correction needed,no answer needed
go_43.jpg,IBQ,China_IBQ.xlsx,go,这张图片显示的是什么？,(A) 正在进行中的桌游。 (B) 围棋中一个战略问题的示意图。 (C) 游戏已完成。 (D) 一个谜题。,围棋中一个战略问题的示意图。,1,no mistake,no correction needed,no correction needed,no answer needed
go_43.jpg,IBQ,China_IBQ.xlsx,go,黑板上的字母（A、B、C、D、E、F）有什么作用？,(A) 它们是游戏规则的一部分。 (B) 他们代表不同的球员。 (C) 它们用于识别问题中的特定要点或步骤。 (D) 它们是游戏中新增的现代元素。,它们用于识别问题中的特定要点或步骤。,1,no mistake,no correction needed,no correction needed,no answer needed
go_43.jpg,IBQ,China_IBQ.xlsx,go,右上角的白色石头（B）呈长条状相连。这组石头叫什么？,(A) 一个“已死”的团体。 (B) 一个“现场”乐队。 (C) 一串石头。 (D) 一个孤立的群体。,一个“现场”乐队。,1,no mistake,no correction needed,no correction needed,no answer needed
go_43.jpg,IBQ,China_IBQ.xlsx,go,图中黑色石头和白色石头之间是什么关系？,(A) 它们随机散布。 (B) 他们正在进行一场战略包围战。 (C) 他们正在组成一个庞大的团体。 (D) 他们之间没有互动。,他们正在进行一场战略包围战。,1,no mistake,no correction needed,no correction needed,no answer needed
go_43.jpg,IBQ,China_IBQ.xlsx,go,黑石的位置是为了困住左下角的白石群。被包围且无法逃脱的群体被称为？,(A) 一个“现场”乐队。 (B) 一个“ko”组。 (C) 一个“已死”的团体。 (D) 一个“sente”小组。,一个“已死”的团体。,1,no mistake,no correction needed,no correction needed,no answer needed
go_47.jpg,IBQ,China_IBQ.xlsx,go,玩家的手指以一种特定的方式握住冰壶。这种技巧叫什么？,(A) 捏 (B) “中国式” (C) “日式”风格 (D) 抓握,“中国式”,0,"The question asks about a technique for holding a curling stone, but the image shows a hand playing Go (围棋). This makes the question and answer factually incorrect and illogical with respect to the image.",玩家的手指以一种特定的方式放置在围棋棋子上。这种技巧叫什么？,(A) 捏 (B) “中国式” (C) “日式”风格 (D) 抓握,“中国式”
go_47.jpg,IBQ,China_IBQ.xlsx,go,棋盘背景是深色的。这暗示着怎样的游戏环境？,(A) 它在一个非常黑暗的房间里。 (B) 这是一个现代化的室内环境。 (C) 它是在专业或正式场合进行的。 (D) 这是一个古老的历史遗迹。,它是在专业或正式场合进行的。,1,no mistake,no correction needed,no correction needed,no answer needed
go_47.jpg,IBQ,China_IBQ.xlsx,go,棋子散落在棋盘各处。这表明游戏处于什么阶段？,(A) 一切都始于最初。 (B) 这是游戏后期才会出现的情况。 (C) 这是一个简单的游戏。 (D) 这是一场练习赛。,这是游戏后期才会出现的情况。,1,no mistake,no correction needed,no correction needed,no answer needed
go_47.jpg,IBQ,China_IBQ.xlsx,go,在围棋游戏中，“走棋”的主要目的是什么？,(A) 吃掉对方的棋子。 (B) 为了保护自己的石头。 (C) 扩大自身的影响力和领土。 (D) 上述所有的。,上述所有的。,1,no mistake,no correction needed,no correction needed,no answer needed
go_54.jpg,IBQ,China_IBQ.xlsx,go,图中围棋棋盘最显著的特点是什么？,(A) 它是棋盘格图案。 (B) 这是一个有交叉点的正方形网格。 (C) 它呈圆形图案。 (D) 这是一块很大的纯色木板。,这是一个有交叉点的正方形网格。,1,no mistake,no correction needed,no correction needed,no answer needed
go_54.jpg,IBQ,China_IBQ.xlsx,go,棋盘上的大量空白区域说明了什么？,(A) 游戏结束了。 (B) 比赛即将开始。 (C) 游戏结束了。 (D) 游戏正处于一个复杂的阶段。,比赛即将开始。,1,no mistake,no correction needed,no correction needed,no answer needed
go_54.jpg,IBQ,China_IBQ.xlsx,go,棋盘上每位玩家放置的那颗棋子有什么作用？,(A) 这是随机放置的。 (B) 这是游戏的第一步。 (C) 这是为了标记某个特定点。 (D) 这表示平局。,这是游戏的第一步。,1,no mistake,no correction needed,no correction needed,no answer needed
go_58.jpg,IBQ,China_IBQ.xlsx,go,为什么有些石头会以松散的小群形式排列？,(A) 阻挡对手。 (B) 划分领地，创造生存的“眼睛”。 (C) 迷惑对手。 (D) 创造美丽的图案。,划分领地，创造生存的“眼睛”。,0,"The question asks why some stones are arranged in loose small groups, but the image shows a Go board with stones arranged as part of a game, not naturally occurring rocks. The provided answer about 'territory' and 'eyes' makes sense *within the context of Go*, but the question frames it as a general phenomenon of 'stones'. The question and options are related to the game of Go, while the question phrasing suggests a geological context.",为什么围棋棋子会以松散的小群形式排列？,"['(A) 阻挡对手。', '(B) 划分领地，创造“眼睛”。', '(C) 迷惑对手。', '(D) 创造美丽的图案。']",划分领地，创造“眼睛”。
go_58.jpg,IBQ,China_IBQ.xlsx,go,纯色背景的主要用途是什么？,(A) 分散观众注意力。 (B) 营造平静的氛围。 (C) 为了让黑色石头更加突出。 (D) 为游戏提供简洁、清晰的视觉焦点。,为游戏提供简洁、清晰的视觉焦点。,1,no mistake,no correction needed,no correction needed,no answer needed
go_58.jpg,IBQ,China_IBQ.xlsx,go,如图所示，这些黑色石头的战略目标是什么？,(A) 围绕一块白色石头。 (B) 形成一个覆盖整个市场的庞大链条。 (C) 包围棋盘上更大的区域。 (D) 构筑防御墙。,包围棋盘上更大的区域。,1,no mistake,no correction needed,no correction needed,no answer needed
go_61.jpg,IBQ,China_IBQ.xlsx,go,玩家的手看起来比较老旧。这说明这款游戏有什么特点？,(A) 这是一款适合所有年龄段的游戏。 (B) 这是一款老年人游戏。 (C) 这是一款只有职业选手才能玩的游戏。 (D) 这是一款只有业余爱好者才会玩的游戏。,这是一款适合所有年龄段的游戏。,0,"The question and answer are not logically connected to the image. The image shows a person playing Go (Weiqi). The hand appearing 'old' doesn't necessarily mean the game is for all ages. It could indicate it's a game with a long history, traditionally played by older people, or requires a lot of experience. The original answer is a stretch.",观察图片，游戏中玩家的手看起来比较老练。这说明这款游戏有什么特点？,(A) 这是一款需要长期练习的游戏。 (B) 这是一款老年人喜爱的游戏。 (C) 这是一款只有职业选手才能玩的游戏。 (D) 这是一款容易上手的游戏。,A
go_61.jpg,IBQ,China_IBQ.xlsx,go,棋盘上已经有很多棋子了。这表明游戏处于什么阶段？,(A) 游戏才刚刚开始。 (B) 这款游戏节奏很快。 (C) 游戏正处于一个复杂的阶段。 (D) 这个游戏很简单。,游戏正处于一个复杂的阶段。,1,no mistake,no correction needed,no correction needed,no answer needed
go_61.jpg,IBQ,China_IBQ.xlsx,go,照射到黑板上的灯光的主要目的是什么？,(A) 为了让游戏更难看清。 (B) 为了营造戏剧性和艺术性的效果。 (C) 显示电路板的详细信息。 (D) 为了让电路板看起来更现代。,为了营造戏剧性和艺术性的效果。,0,"The question asks about light shining on a 'blackboard', but the image shows a Go board (围棋盘). The context is completely mismatched. The correct interpretation, considering the image, is the light's purpose on the Go board.",照射到围棋盘上的灯光的主要目的是什么？,(A) 为了让棋子更难看清。 (B) 为了营造戏剧性和艺术性的效果。 (C) 显示棋盘的纹理和细节。 (D) 为了让棋盘看起来更现代。,为了营造戏剧性和艺术性的效果。
go_65.jpg,IBQ,China_IBQ.xlsx,go,木手有什么象征意义？,(A) 它是一种教育工具。 (B) 这是一幅艺术表现作品。 (C) 这是一只假肢手。 (D) 它是一件装饰品。,这是一幅艺术表现作品。,1,no mistake,no correction needed,no correction needed,no answer needed
go_71.jpg,IBQ,China_IBQ.xlsx,go,图中所示的中心活动是什么？,(A) 玩家正在进行休闲游戏。 (B) 一名职业围棋选手正在参加围棋比赛。 (C) 一个人正在研究围棋棋盘。 (D) 球员是观众。,一名职业围棋选手正在参加围棋比赛。,1,no mistake,no correction needed,no correction needed,no answer needed
go_71.jpg,IBQ,China_IBQ.xlsx,go,玩家在做什么？,(A) 他即将采取行动。 (B) 他正在思考下一步该怎么做。 (C) 他正在休息。 (D) 他示意暂停。,他正在思考下一步该怎么做。,1,no mistake,no correction needed,no correction needed,no answer needed
go_71.jpg,IBQ,China_IBQ.xlsx,go,玩家面前的姓名牌有什么用途？,(A) 识别玩家。 (B) 显示玩家的排名。 (C) 显示球员所属球队。 (D) 显示玩家所属国家。,识别玩家。,1,no mistake,no correction needed,no correction needed,no answer needed
go_71.jpg,IBQ,China_IBQ.xlsx,go,游戏还处于相对早期的阶段。这说明玩家们有什么特点？,(A) 这些球员水平不太好。 (B) 比赛刚刚开始。 (C) 这些球员速度非常快。 (D) 这些球员都很专业，他们的第一步都非常谨慎。,这些球员都很专业，他们的第一步都非常谨慎。,1,no mistake,no correction needed,no correction needed,no answer needed
go_71.jpg,IBQ,China_IBQ.xlsx,go,比赛环境的关键要素是什么？,(A) 这里环境嘈杂，容易分散注意力。 (B) 这是一个安静且令人专注的环境。 (C) 这里环境轻松休闲。 (D) 这是一个户外环境。,这是一个安静且令人专注的环境。,1,no mistake,no correction needed,no correction needed,no answer needed
go_74.jpg,IBQ,China_IBQ.xlsx,go,计时器的用途是什么？,(A) 记录步数。 (B) 为了确保游戏不会持续太久。 (C) 确保每位球员获得相同的上场时间。 (D) 上述所有的。,上述所有的。,1,no mistake,no correction needed,no correction needed,no answer needed
go_74.jpg,IBQ,China_IBQ.xlsx,go,图中围棋棋盘的一个关键特征是什么？,(A) 这是一块深色的木板。 (B) 这是一块轻质木板。 (C) 这是一块浅黄色的板子，上面有网格图案。 (D) 这是一块白色塑料板。,这是一块浅黄色的板子，上面有网格图案。,1,no mistake,no correction needed,no correction needed,no answer needed
go_74.jpg,IBQ,China_IBQ.xlsx,go,除了击打计时器之外，玩家的手还在做什么？,(A) 他正准备放置一块石头。 (B) 他正准备搬走一块石头。 (C) 他正要抓住一块石头。 (D) 他即将采取行动。,他正准备放置一块石头。,1,no mistake,no correction needed,no correction needed,no answer needed
go_74.jpg,IBQ,China_IBQ.xlsx,go,计时器的存在对游戏的性质有何启示？,(A) 这是一款节奏很快的游戏。 (B) 这是一款休闲游戏。 (C) 这是一场友谊赛。 (D) 这是一项正式的竞技性比赛。,这是一项正式的竞技性比赛。,1,no mistake,no correction needed,no correction needed,no answer needed
go_75.jpg,IBQ,China_IBQ.xlsx,go,板子两侧的两个木碗是做什么用的？,(A) 用于储存捕获的石头。 (B) 用来存放玩家自己的棋子。 (C) 用来存放玩家多余的棋子。 (D) 可用作计时器。,用来存放玩家自己的棋子。,1,no mistake,no correction needed,no correction needed,no answer needed
go_75.jpg,IBQ,China_IBQ.xlsx,go,棋盘上大量的石子说明了什么？,(A) 比赛即将开始。 (B) 游戏正处于一个复杂的阶段。 (C) 游戏结束了。 (D) 这个游戏很简单。,游戏正处于一个复杂的阶段。,1,no mistake,no correction needed,no correction needed,no answer needed
go_78.jpg,IBQ,China_IBQ.xlsx,go,游戏环境的一个关键特征是什么？,(A) 这是一个正式的专业场合。 (B) 这是一个户外环境。 (C) 这是一个休闲、室内、舒适的环境。 (D) 这是课堂环境。,这是一个休闲、室内、舒适的环境。,1,no mistake,no correction needed,no correction needed,no answer needed
go_78.jpg,IBQ,China_IBQ.xlsx,go,孩子脸上的笑容和专注的姿态说明了什么？,(A) 他对比赛感到沮丧。 (B) 他很享受这场比赛。 (C) 他对这个游戏感到厌倦了。 (D) 他被游戏搞糊涂了。,他很享受这场比赛。,1,no mistake,no correction needed,no correction needed,no answer needed
go_78.jpg,IBQ,China_IBQ.xlsx,go,这张图片暗示了围棋游戏中的哪些内容？,(A) 这是一款仅限成人玩的游戏。 (B) 这是一款适合幼儿学习和玩耍的游戏。 (C) 这款游戏对孩子来说太难了。 (D) 这游戏一点都不好玩。,这是一款适合幼儿学习和玩耍的游戏。,1,no mistake,no correction needed,no correction needed,no answer needed
jianzi_10.jpg,IBQ,China_IBQ.xlsx,gianzi,这张图中描绘的是什么游戏？,(A) 毽子 (B) 羽毛球 (C) 毽子 (D) 排球,毽子,1,no mistake,no correction needed,no correction needed,no answer needed
jianzi_10.jpg,IBQ,China_IBQ.xlsx,gianzi,在这种休闲游戏环境下，游戏的主要目标是什么？,(A) 进球。 (B) 只用脚让羽毛球保持在空中。 (C) 把羽毛球踢给队友。 (D) 将羽毛球击过球网。,只用脚让羽毛球保持在空中。,1,no mistake,no correction needed,no correction needed,no answer needed
jianzi_10.jpg,IBQ,China_IBQ.xlsx,gianzi,羽毛球的一个显著特点是什么？,(A) 它是由塑料制成的。 (B) 它的顶部有羽毛装饰。 (C) 它很重。 (D) 这是一个现代足球。,它的顶部有羽毛装饰。,1,no mistake,no correction needed,no correction needed,no answer needed
jianzi_10.jpg,IBQ,China_IBQ.xlsx,gianzi,人们是在什么样的环境下进行游戏的？,(A) 正式法庭 (B) 公共公园或庭院 (C) 室内体育馆 (D) 学校操场,公共公园或庭院,1,no mistake,no correction needed,no correction needed,no answer needed
jianzi_10.jpg,IBQ,China_IBQ.xlsx,gianzi,这张图片暗示了这款游戏的受欢迎程度如何？,(A) 这是一项冷门运动。 (B) 这只是一项竞技体育项目。 (C) 这是一项老少皆宜的热门休闲活动。 (D) 这是一项职业体育运动。,这是一项老少皆宜的热门休闲活动。,1,no mistake,no correction needed,no correction needed,no answer needed
jianzi_13.jpg,IBQ,China_IBQ.xlsx,gianzi,图片中展示的主要活动是什么？,(A) 一套体操动作。 (B) 蹴鞠比赛。 (C) 一种剪子游戏。 (D) 一场踢球比赛。,一种剪子游戏。,1,no mistake,no correction needed,no correction needed,no answer needed
jianzi_13.jpg,IBQ,China_IBQ.xlsx,gianzi,前景中的男子以某种特定的方式抬起一条腿。这个动作有什么作用？,(A) 伸展一下腿。 (B) 进行防守性阻挡。 (C) 踢或准备踢羽毛球。 (D) 帮他系鞋带。,踢或准备踢羽毛球。,1,no mistake,no correction needed,no correction needed,no answer needed
jianzi_13.jpg,IBQ,China_IBQ.xlsx,gianzi,这个游戏的背景设定是什么？,(A) 一座现代化的体育场馆。 (B) 中国传统广场。 (C) 一座山地公园。 (D) 室内体育馆。,中国传统广场。,1,no mistake,no correction needed,no correction needed,no answer needed
jianzi_13.jpg,IBQ,China_IBQ.xlsx,gianzi,背景中的人群似乎在暗示着什么？,(A) 这是一场正式比赛。 (B) 这是一个公共聚会，人们在这里随意玩耍。 (C) 这是一场抗议活动。 (D) 这是一个节日。,这是一个公共聚会，人们在这里随意玩耍。,1,no mistake,no correction needed,no correction needed,no answer needed
jianzi_13.jpg,IBQ,China_IBQ.xlsx,gianzi,要想有效演奏戌子，需要掌握哪些关键技能？,(A) 手眼协调能力。 (B) 上肢力量。 (C) 腿部力量和敏捷性。 (D) 跑步速度。,腿部力量和敏捷性。,1,no mistake,no correction needed,no correction needed,no answer needed
jianzi_15.jpg,IBQ,China_IBQ.xlsx,gianzi,图中所示的主要活动是什么？,(A) 一场羽毛球比赛。 (B) 一场排球比赛。 (C) 一场激烈的溏子比赛。 (D) 一场足球比赛。,一场激烈的溏子比赛。,0,"The correct answer is incorrect. The image clearly shows a Jianzi (毽子) game, also known as kick shuttlecock, but the answer provided labels it as a '激烈 (jīliè - intense)' game. The term '激烈' is unnecessary and doesn't define the sport itself. Additionally, the term '溏子' is incorrect; it should be '毽子'.",图中所示的主要活动是什么？,"['(A) 一场羽毛球比赛。', '(B) 一场排球比赛。', '(C) 一场毽子比赛。', '(D) 一场足球比赛。']",一场毽子比赛。
jianzi_15.jpg,IBQ,China_IBQ.xlsx,gianzi,球员的球衣上印有“CHINA”字样和数字“3”。这暗示了什么？,(A) 她是个休闲玩家。 (B) 她是国家队队员。 (C) 她是一名旁观者。 (D) 她是业余选手。,她是国家队队员。,1,no mistake,no correction needed,no correction needed,no answer needed
jianzi_15.jpg,IBQ,China_IBQ.xlsx,gianzi,比赛是在有球网的球场上进行的。这与休闲比赛有何不同？,(A) 游戏的目标是战胜对手得分。 (B) 这是一款合作游戏。 (C) 这款游戏不具备竞技性。 (D) 这项运动是一项团队运动。,游戏的目标是战胜对手得分。,1,no mistake,no correction needed,no correction needed,no answer needed
jianzi_15.jpg,IBQ,China_IBQ.xlsx,gianzi,球场上的球网有什么作用？,(A) 用作分隔物。 (B) 分隔各队并划定比赛区域。 (C) 添加装饰元素。 (D) 挡住羽毛球。,分隔各队并划定比赛区域。,0,"The image shows a Sepak Takraw court, not a general sports court. The question and answer are somewhat relevant to the image, but the question is phrased too generally and the provided options don't specifically address the purpose of the net in Sepak Takraw. Option (D) is particularly incorrect as it refers to badminton.",在毽球场上，球网的主要作用是什么？,(A) 标记场地边界。 (B) 分隔两队并划定比赛区域。 (C) 作为装饰。 (D) 影响毽球的飞行轨迹。,分隔两队并划定比赛区域。
jianzi_15.jpg,IBQ,China_IBQ.xlsx,gianzi,从这张图片中可以推断出游戏的现状如何？,(A) 这是一项冷门运动。 (B) 这是一项有组织比赛的职业体育运动。 (C) 这是一种休闲消遣。 (D) 这是一款儿童游戏。,这是一项有组织比赛的职业体育运动。,0,"The correct answer is not fully supported by the image. While the image shows a competitive setting with players wearing jerseys and a clear focus on the sport, it doesn't definitively indicate a 'professional sports' event. It could be a school competition, a regional tournament, or a high-level amateur league. The given options are also somewhat ambiguous.",从这张图片中可以推断出这项运动的性质是什么？,"['(A) 这是一项不太常见的运动。', '(B) 这是一项有一定组织水平的竞技运动。', '(C) 这是一种休闲娱乐活动。', '(D) 这是一款儿童游乐项目。']",这是一项有一定组织水平的竞技运动。
jianzi_16.jpg,IBQ,China_IBQ.xlsx,gianzi,这张图片的主要内容是什么？,(A) 一套羽毛球。 (B) 一套色彩鲜艳的溏子。 (C) 一套塑料玩具。 (D) 一群鸟。,一套色彩鲜艳的溏子。,0,"The correct answer is not aligned with the image. The image shows shuttlecocks (羽毛球), not 'a set of colorful Jianzi (a Chinese traditional sport equipment)'.",这张图片的主要内容是什么？,"['(A) 一套羽毛球。', '(B) 一群鸟。', '(C) 一套塑料玩具。', '(D) 一套色彩鲜艳的毽子。']",一套羽毛球。
jianzi_16.jpg,IBQ,China_IBQ.xlsx,gianzi,这些羽毛球是用什么材料制成的？,(A) 塑料和金属。 (B) 木质和人造羽毛。 (C) 橡胶和塑料。 (D) 橡胶底座和彩色羽毛。,橡胶底座和彩色羽毛。,1,no mistake,no correction needed,no correction needed,no answer needed
jianzi_16.jpg,IBQ,China_IBQ.xlsx,gianzi,羽毛有什么用途？,(A) 增加羽毛球的重量。 (B) 产生阻力并稳定其飞行。 (C) 为了使其更具装饰性。 (D) 为了方便握持。,产生阻力并稳定其飞行。,1,no mistake,no correction needed,no correction needed,no answer needed
jianzi_16.jpg,IBQ,China_IBQ.xlsx,gianzi,羽毛鲜艳的颜色暗示着什么？,(A) 它们用于职业比赛。 (B) 它们是给儿童玩具用的。 (C) 它们的作用是使羽毛球在空中更加显眼。 (D) 它们是羽毛球质量的标志。,它们的作用是使羽毛球在空中更加显眼。,1,no mistake,no correction needed,no correction needed,no answer needed
jianzi_16.jpg,IBQ,China_IBQ.xlsx,gianzi,栀子和羽毛球有什么显著区别？,(A) 栀子小得多。 (B) 栀子是用羽毛做的。 (C) 毽子较重，设计用来踢，而不是用球拍击打。 (D) 琴子底座是塑料的。,毽子较重，设计用来踢，而不是用球拍击打。,1,no mistake,no correction needed,no correction needed,no answer needed
jianzi_17.jpg,IBQ,China_IBQ.xlsx,gianzi,图中所示的中心活动是什么？,(A) 一名男子正在跳舞。 (B) 一名男子正在玩毽子。 (C) 一名男子正在公园里散步。 (D) 一名男子正在表演武术动作。,一名男子正在玩毽子。,1,no mistake,no correction needed,no correction needed,no answer needed
jianzi_17.jpg,IBQ,China_IBQ.xlsx,gianzi,这个人是在什么样的环境下演奏？,(A) 一个安静僻静的公园。 (B) 人流密集的公共场所。 (C) 室内体育馆。 (D) 学校操场。,人流密集的公共场所。,1,no mistake,no correction needed,no correction needed,no answer needed
jianzi_17.jpg,IBQ,China_IBQ.xlsx,gianzi,图片中羽毛球的显著特征是什么？,(A) 它是由塑料制成的。 (B) 这是一个传统的羽毛装饰的钩子，羽毛色彩鲜艳。 (C) 这是一个现代足球。 (D) 这是一个羽毛球。,这是一个传统的羽毛装饰的钩子，羽毛色彩鲜艳。,0,The correct answer is incorrect. The image clearly shows a person playing with a shuttlecock (羽毛球). Option (D) is the most accurate description of the object in the image. Option (B) is completely incorrect.,图片中人物正在玩什么运动器械？,"['(A) 足球', '(B) 篮球', '(C) 羽毛球', '(D) 乒乓球']",这是一个羽毛球。
jianzi_17.jpg,IBQ,China_IBQ.xlsx,gianzi,这名男子穿着休闲装。这暗示着他在玩什么游戏？,(A) 这是一项非常正式的运动。 (B) 它需要特定的运动服。 (C) 这是一种休闲娱乐活动，穿着日常服装就可以进行。 (D) 这是一项竞技性运动。,这是一种休闲娱乐活动，穿着日常服装就可以进行。,1,no mistake,no correction needed,no correction needed,no answer needed
jianzi_22.jpg,IBQ,China_IBQ.xlsx,gianzi,球员的球衣上印有“上海”字样和数字“2”。这暗示了什么？,(A) 她是业余选手。 (B) 她是市级或地区级球队的成员。 (C) 她是一名旁观者。 (D) 她是个休闲玩家。,她是市级或地区级球队的成员。,1,no mistake,no correction needed,no correction needed,no answer needed
jianzi_22.jpg,IBQ,China_IBQ.xlsx,gianzi,运动员正在进行高踢腿动作。这个动作的目的是什么？,(A) 伸展一下腿。 (B) 为了增加游戏难度。 (C) 把羽毛球打过球网。 (D) 为了炫耀她的技能。,把羽毛球打过球网。,0,"The question asks the purpose of a high kick, but the correct answer '把羽毛球打过球网' (to hit the shuttlecock over the net) doesn't logically follow from a high kick. A high kick is a part of the badminton stroke, but the question is about the *purpose* of the high kick itself, not the overall action. The given answer describes the outcome of a badminton shot, not the reason for the specific leg movement.",运动员正在进行高踢腿动作，这个动作在羽毛球运动中的作用是什么？,(A) 帮助运动员更快地移动。 (B) 提高击球的力量和速度。 (C) 保持身体的平衡。 (D) 迷惑对手。,提高击球的力量和速度。
jianzi_25.jpg,IBQ,China_IBQ.xlsx,gianzi,图中所示练习的目的是什么？,(A) 为了炫耀她的技能。 (B) 为进行体育活动做好身体准备。 (C) 舒展一下肌肉。 (D) 为了保持身体平衡。,为进行体育活动做好身体准备。,1,no mistake,no correction needed,no correction needed,no answer needed
jianzi_25.jpg,IBQ,China_IBQ.xlsx,gianzi,背景中的人们穿着什么类型的衣服？,(A) 正式制服。 (B) 休闲日常服装。 (C) 运动装备。 (D) 传统服饰。,休闲日常服装。,1,no mistake,no correction needed,no correction needed,no answer needed
jianzi_25.jpg,IBQ,China_IBQ.xlsx,gianzi,这张图片传达了怎样的整体氛围？,(A) 气氛紧张，竞争激烈。 (B) 安静专注的氛围。 (C) 轻松、休闲、社交氛围浓厚。 (D) 正式、庄重的氛围。,轻松、休闲、社交氛围浓厚。,1,no mistake,no correction needed,no correction needed,no answer needed
jianzi_25.jpg,IBQ,China_IBQ.xlsx,gianzi,比赛环境的一个显著特点是什么？,(A) 这是一个绿树成荫的公共公园。 (B) 这是一个现代化的室内体育馆。 (C) 这是一个传统的中国式四合院。 (D) 这是一个学校操场。,这是一个绿树成荫的公共公园。,1,no mistake,no correction needed,no correction needed,no answer needed
jianzi_4.jpg,IBQ,China_IBQ.xlsx,gianzi,这个男人穿的是什么类型的衣服？,(A) 一套正式西装。 (B) 制服。 (C) 休闲宽松的服装。 (D) 运动装备。,休闲宽松的服装。,1,no mistake,no correction needed,no correction needed,no answer needed
jianzi_4.jpg,IBQ,China_IBQ.xlsx,gianzi,背景中那些人是做什么用的？,(A) 他们是旁观者。 (B) 他们是其他玩家。 (C) 他们是法官。 (D) 他们都在等待轮到自己。,他们是其他玩家。,1,no mistake,no correction needed,no correction needed,no answer needed
jianzi_9.jpg,IBQ,China_IBQ.xlsx,gianzi,这张图片暗示了溏子游戏的什么特点？,(A) 这是一款仅限成人玩的游戏。 (B) 这是一款孩子们可以学习并乐在其中的游戏。 (C) 这款游戏对孩子来说太难了。 (D) 这游戏一点都不好玩。,这是一款孩子们可以学习并乐在其中的游戏。,1,no mistake,no correction needed,no correction needed,no answer needed
jianzi_9.jpg,IBQ,China_IBQ.xlsx,gianzi,比赛是在什么样的场地上进行的？,(A) 铺砌的庭院。 (B) 一片泥地。 (C) 人造草坪。 (D) 木地板。,人造草坪。,1,no mistake,no correction needed,no correction needed,no answer needed
jianzi_9.jpg,IBQ,China_IBQ.xlsx,gianzi,母亲给孩子拍照的目的是什么？,(A) 发布到社交媒体上。 (B) 记录下温馨的家庭时光。 (C) 记录比赛过程。 (D) 为了炫耀她孩子的技能。,记录下温馨的家庭时光。,1,no mistake,no correction needed,no correction needed,no answer needed
jianzi_28.jpg,IBQ,China_IBQ.xlsx,gianzi,球员身穿带有匈牙利国徽的球衣。这暗示着比赛中会发生什么？,(A) 这是一项冷门运动。 (B) 这是一项只在中国流行的运动。 (C) 这是一项拥有国际影响力的职业体育运动。 (D) 这是一种休闲消遣。,这是一项拥有国际影响力的职业体育运动。,1,no mistake,no correction needed,no correction needed,no answer needed
jianzi_28.jpg,IBQ,China_IBQ.xlsx,gianzi,比赛是在室内体育馆进行的。这说明这项运动的发展历程是怎样的？,(A) 这是一项新兴运动。 (B) 它已经从随意的户外游戏发展成为有组织的室内比赛。 (C) 它只能在室内进行。 (D) 这是一项非常简单的运动。,它已经从随意的户外游戏发展成为有组织的室内比赛。,1,no mistake,no correction needed,no correction needed,no answer needed
jianzi_28.jpg,IBQ,China_IBQ.xlsx,gianzi,运动员在空中踢腿。这个动作的目的是什么？,(A) 伸展一下腿。 (B) 为了增加游戏难度。 (C) 把羽毛球打过球网。 (D) 为了炫耀她的技能。,把羽毛球打过球网。,1,no mistake,no correction needed,no correction needed,no answer needed
jianzi_28.jpg,IBQ,China_IBQ.xlsx,gianzi,球员身后墙上的数字“3”有什么含义？,(A) 游戏中的人数。 (B) 比赛比分。 (C) 球队编号。 (D) 球场的球道编号。,球场的球道编号。,1,no mistake,no correction needed,no correction needed,no answer needed
jianzi_29.jpg,IBQ,China_IBQ.xlsx,gianzi,球员们都戴着口罩。这暗示着怎样的时代背景？,(A) 这是一件历史性事件。 (B) 这是一件近期发生的事件，很可能是在新冠肺炎疫情期间发生的。 (C) 这是一项仪式性活动。 (D) 这是一个传统活动。,这是一件近期发生的事件，很可能是在新冠肺炎疫情期间发生的。,1,no mistake,no correction needed,no correction needed,no answer needed
jianzi_29.jpg,IBQ,China_IBQ.xlsx,gianzi,这种游戏与传统毽子有什么显著区别？,(A) 使用小网。 (B) 使用羽毛球。 (C) 玩家人数。 (D) 使用脚。,使用小网。,1,no mistake,no correction needed,no correction needed,no answer needed
jianzi_29.jpg,IBQ,China_IBQ.xlsx,gianzi,球员们身处一座现代化的室内体育馆。这说明了什么？,(A) 这是一种休闲消遣。 (B) 这是一项有组织严密的职业体育运动。 (C) 这是一款适合儿童的简单游戏。 (D) 这是一项传统运动。,这是一项有组织严密的职业体育运动。,1,no mistake,no correction needed,no correction needed,no answer needed
jianzi_29.jpg,IBQ,China_IBQ.xlsx,gianzi,背景中的横幅和标志有什么用途？,(A) 它们是简单的装饰品。 (B) 它们是球队标志和赞助商标志。 (C) 它们用来显示球队的排名。 (D) 它们是传统活动的标志。,它们是球队标志和赞助商标志。,1,no mistake,no correction needed,no correction needed,no answer needed
jianzi_32.jpg,IBQ,China_IBQ.xlsx,gianzi,在这个游戏中，玩家最重要的技能是什么？,(A) 手眼协调能力。 (B) 腿部力量和敏捷性。 (C) 跑步速度。 (D) 上肢力量。,腿部力量和敏捷性。,1,no mistake,no correction needed,no correction needed,no answer needed
jianzi_34.jpg,IBQ,China_IBQ.xlsx,gianzi,这个带羽毛的物体有什么用途？,(A) 这是一个玩具。 (B) 这是正在被踢的羽毛球。 (C) 它是一件装饰品。 (D) 它是一种拉伸工具。,这是正在被踢的羽毛球。,1,no mistake,no correction needed,no correction needed,no answer needed
jianzi_54.jpg,IBQ,China_IBQ.xlsx,gianzi,玩家们身处类似公园的公共环境中。这暗示着比赛的什么特点？,(A) 这是一项非常正式的运动。 (B) 这是一项竞技性运动。 (C) 这是一种在公共场所很受欢迎的休闲消遣活动。 (D) 这是一项职业体育运动。,这是一种在公共场所很受欢迎的休闲消遣活动。,1,no mistake,no correction needed,no correction needed,no answer needed
jianzi_54.jpg,IBQ,China_IBQ.xlsx,gianzi,由此可以推断出这些球员的社会地位如何？,(A) 他们都是专业人士。 (B) 他们家境富裕，社会地位显赫。 (C) 他们年纪较大。 (D) 他们年轻且体格健壮。,他们年纪较大。,1,no mistake,no correction needed,no correction needed,no answer needed
jianzi_54.jpg,IBQ,China_IBQ.xlsx,gianzi,这名男子握球拍的姿势很奇怪。这可能是什么原因造成的？,(A) 他是个新手。 (B) 他是一名职业球员。 (C) 他展示的是球拍的背面。 (D) 他即将击球。,他是个新手。,1,no mistake,no correction needed,no correction needed,no answer needed
jianzi_65.jpg,IBQ,China_IBQ.xlsx,gianzi,人们穿着什么样的衣服？,(A) 一套正式西装。 (B) 制服。 (C) 休闲日常服装。 (D) 运动装备。,休闲日常服装。,1,no mistake,no correction needed,no correction needed,no answer needed
jianzi_71.jpg,IBQ,China_IBQ.xlsx,gianzi,这项活动的关键特征是什么？,(A) 这是一项以球为单位的竞技游戏。 (B) 这是与合作伙伴共同开展的活动。 (C) 这是一项单人练习。 (D) 这是一款节奏很快的游戏。,这是与合作伙伴共同开展的活动。,1,no mistake,no correction needed,no correction needed,no answer needed
jianzi_71.jpg,IBQ,China_IBQ.xlsx,gianzi,这些人身处类似公园的公共场所。这暗示着他们正在进行什么活动？,(A) 这是一项非常正式的运动。 (B) 这是一项竞技性运动。 (C) 这是一种在公共场所很受欢迎的休闲消遣活动。 (D) 这是一项职业体育运动。,这是一种在公共场所很受欢迎的休闲消遣活动。,1,no mistake,no correction needed,no correction needed,no answer needed
jianzi_71.jpg,IBQ,China_IBQ.xlsx,gianzi,这项活动与建子有什么关系？,(A) 它们属于同一项运动。 (B) 它们是完全不同的运动。 (C) 它们都是可以在公共场所进行的传统中国消遣活动。 (D) 它们都是竞技体育项目。,它们都是可以在公共场所进行的传统中国消遣活动。,1,no mistake,no correction needed,no correction needed,no answer needed
jianzi_85.jpg,IBQ,China_IBQ.xlsx,gianzi,这个人穿着凉鞋。这暗示着游戏中的什么情况？,(A) 它需要特定的鞋子。 (B) 这是一款休闲游戏，穿任何鞋子都可以玩。 (C) 这是一款非常难的游戏。 (D) 这是一项职业体育运动。,这是一款休闲游戏，穿任何鞋子都可以玩。,1,no mistake,no correction needed,no correction needed,no answer needed
jianzi_93.jpg,IBQ,China_IBQ.xlsx,gianzi,这张图片中游戏最显著的特点是什么？,(A) 使用小型球拍。 (B) 用球代替羽毛球。 (C) 玩家人数。 (D) 使用脚。,使用小型球拍。,1,no mistake,no correction needed,no correction needed,no answer needed
jianzi_93.jpg,IBQ,China_IBQ.xlsx,gianzi,这项活动与传统煎子有何关联？,(A) 它们属于同一项运动。 (B) 它们是同一项运动的现代变体。 (C) 它们是完全不同的运动。 (D) 它们都是竞技体育项目。,它们是同一项运动的现代变体。,1,no mistake,no correction needed,no correction needed,no answer needed
kung_fu_1.jpg,IBQ,China_IBQ.xlsx,kung_fu,图中所示的中心活动是什么？,(A) 芭蕾舞表演 (B) 剑术表演 (C) 武术表演 (D) 一种传统舞蹈,武术表演,1,no mistake,no correction needed,no correction needed,no answer needed
kung_fu_1.jpg,IBQ,China_IBQ.xlsx,kung_fu,使用的那种又长又直的武器是什么？,(A) 武士刀 (B) 简 (C) 佩剑 (D) 博员工,简,1,no mistake,no correction needed,no correction needed,no answer needed
kung_fu_1.jpg,IBQ,China_IBQ.xlsx,kung_fu,该从业者的着装有什么显著特点？,(A) 一套正式西装 (B) 一套传统的中国武术服 (C) 休闲装 (D) 军装,一套传统的中国武术服,1,no mistake,no correction needed,no correction needed,no answer needed
kung_fu_1.jpg,IBQ,China_IBQ.xlsx,kung_fu,练习者采用低而宽的站姿。这种姿势的目的是什么？,(A) 增强平衡能力和腿部力量。 (B) 为冲刺做准备。 (C) 休息。 (D) 为了显得更具威慑力。,增强平衡能力和腿部力量。,1,no mistake,no correction needed,no correction needed,no answer needed
kung_fu_1.jpg,IBQ,China_IBQ.xlsx,kung_fu,练习者是在工作室环境中进行的。这暗示了什么情况？,(A) 这是一种非正式的做法。 (B) 这是一场正式的演出或摄影活动。 (C) 这是一次军事训练。 (D) 这是一门私人课程。,这是一场正式的演出或摄影活动。,1,no mistake,no correction needed,no correction needed,no answer needed
kung_fu_12.jpg,IBQ,China_IBQ.xlsx,kung_fu,图片中展示的主要活动是什么？,(A) 两名运动员正在比赛。 (B) 一段同步舞蹈表演。 (C) 两位武术家进行实战表演。 (D) 体操表演。,两位武术家进行实战表演。,1,no mistake,no correction needed,no correction needed,no answer needed
kung_fu_12.jpg,IBQ,China_IBQ.xlsx,kung_fu,这些练习者穿的是什么类型的服装？,(A) 休闲服装 (B) 正装 (C) 白色武术服（道服） (D) 中国传统长袍,白色武术服（道服）,1,no mistake,no correction needed,no correction needed,no answer needed
kung_fu_12.jpg,IBQ,China_IBQ.xlsx,kung_fu,这张图片中最突出的视觉元素是什么？,(A) 运动员们的脸 (B) 纯色背景 (C) 运动员们的动态姿势 (D) 爆炸的火光效应,爆炸的火光效应,1,no mistake,no correction needed,no correction needed,no answer needed
kung_fu_12.jpg,IBQ,China_IBQ.xlsx,kung_fu,练习者们悬在半空中。这说明他们的动作有什么特点？,(A) 它们简单而缓慢。 (B) 他们活力四射，身姿矫健。 (C) 它们很容易操作。 (D) 它们适合初学者。,他们活力四射，身姿矫健。,1,no mistake,no correction needed,no correction needed,no answer needed
kung_fu_12.jpg,IBQ,China_IBQ.xlsx,kung_fu,这里展示的武术与传统功夫有什么显著区别？,(A) 使用腰带表示等级。 (B) 重点在于高踢腿和跳跃。 (C) 使用制服。 (D) 徒手使用。,使用腰带表示等级。,1,no mistake,no correction needed,no correction needed,no answer needed
kung_fu_13.jpg,IBQ,China_IBQ.xlsx,kung_fu,练习者采用低而宽的站姿。这种姿势叫什么？,(A) 弓步 (B) 起重机姿态 (C) 马步 (D) 猫站姿,马步,1,no mistake,no correction needed,no correction needed,no answer needed
kung_fu_13.jpg,IBQ,China_IBQ.xlsx,kung_fu,图中所示的两种不同姿势分别有什么目的？,(A) 用来展示两个不同的人。 (B) 展示单个练习者从开始到结束的动作。 (C) 为了展现两种不同武术之间的区别。 (D) 从两个不同的角度展示同一练习者的动作。,展示单个练习者从开始到结束的动作。,1,no mistake,no correction needed,no correction needed,no answer needed
kung_fu_13.jpg,IBQ,China_IBQ.xlsx,kung_fu,插图下方的汉字是什么意思？,(A) “龙拳” (B) “豹纹风格” (C) “凤凰踢” (D) “猛扑的拳头”,“猛扑的拳头”,1,no mistake,no correction needed,no correction needed,no answer needed
kung_fu_13.jpg,IBQ,China_IBQ.xlsx,kung_fu,从这幅插图中可以推断出这种武术的风格是什么？,(A) 它是一种非常缓慢而柔和的武术。 (B) 它是一种动感十足、直接有效的武术。 (C) 它是一种非常炫技且华丽的武术。 (D) 它是一种防御性和被动性的武术。,它是一种动感十足、直接有效的武术。,1,no mistake,no correction needed,no correction needed,no answer needed
kung_fu_15.jpg,IBQ,China_IBQ.xlsx,kung_fu,从业者的服装有什么显著特点？,(A) 他们穿着休闲服装。 (B) 他们身穿传统的僧袍。 (C) 他们身穿军装。 (D) 他们穿着现代运动装备。,他们身穿传统的僧袍。,1,no mistake,no correction needed,no correction needed,no answer needed
kung_fu_15.jpg,IBQ,China_IBQ.xlsx,kung_fu,练习者们采取低而宽的站姿。这种姿势的目的是什么？,(A) 增强平衡能力和腿部力量。 (B) 为冲刺做准备。 (C) 休息。 (D) 为了显得更具威慑力。,增强平衡能力和腿部力量。,1,no mistake,no correction needed,no correction needed,no answer needed
kung_fu_15.jpg,IBQ,China_IBQ.xlsx,kung_fu,练习者所持物品的用途是什么？,(A) 它们是用来装饰的。 (B) 它们是礼仪用盾牌。 (C) 它们是用于增强握力和改善握姿的练习工具。 (D) 它们是一种武器。,它们是用于增强握力和改善握姿的练习工具。,1,no mistake,no correction needed,no correction needed,no answer needed
kung_fu_15.jpg,IBQ,China_IBQ.xlsx,kung_fu,故事发生在山区，有一座传统的寺庙。这暗示着什么？,(A) 这是一种非正式的做法。 (B) 这是一个现代化的武术馆。 (C) 这是一座传统的少林寺或类似场所。 (D) 这是一个电影拍摄现场。,这是一座传统的少林寺或类似场所。,1,no mistake,no correction needed,no correction needed,no answer needed
kung_fu_16.jpg,IBQ,China_IBQ.xlsx,kung_fu,练习者摆出了空中踢腿的姿势。这说明这种武术有什么特点？,(A) 它是一种非常静态且以防守为主的武术。 (B) 它是一种充满活力、技巧性强的武术。 (C) 它是一种缓慢而柔和的武术。 (D) 这是一种非常简单的武术。,它是一种充满活力、技巧性强的武术。,1,no mistake,no correction needed,no correction needed,no answer needed
kung_fu_16.jpg,IBQ,China_IBQ.xlsx,kung_fu,从这位医生的面部表情可以看出什么？,(A) 他很放松。 (B) 他很高兴。 (C) 他全神贯注，神情严肃。 (D) 他很困惑。,他全神贯注，神情严肃。,0,"The image shows a person practicing martial arts, not a doctor. Therefore, the question about a 'doctor's facial expression' is factually incorrect and misleading. The provided answer, while describing a focused and serious expression, is irrelevant to the image's content.",从图中人物的面部表情可以看出什么？,"['(A) 他很放松。', '(B) 他很兴奋。', '(C) 他全神贯注，神情严肃。', '(D) 他很困惑。']",他全神贯注，神情严肃。
kung_fu_16.jpg,IBQ,China_IBQ.xlsx,kung_fu,这种发型，梳着一条辫子，是哪种历史发型？,(A) 清朝时期的排队景象。 (B) 一款现代发型。 (C) 唐代的一种发型。 (D) 明代的一种发型。,清朝时期的排队景象。,1,no mistake,no correction needed,no correction needed,no answer needed
kung_fu_19.jpg,IBQ,China_IBQ.xlsx,kung_fu,练习者处于半空中。这说明动作有什么样的特点？,(A) 它们简单而缓慢。 (B) 他们活力四射，身姿矫健。 (C) 它们很容易操作。 (D) 它们适合初学者。,他们活力四射，身姿矫健。,1,no mistake,no correction needed,no correction needed,no answer needed
kung_fu_19.jpg,IBQ,China_IBQ.xlsx,kung_fu,这位练习者系着黑带。这在武术中代表什么？,(A) 球员的年龄。 (B) 球员的国籍。 (C) 该玩家的新手身份。 (D) 该球员拥有高超的技能和丰富的经验。,该球员拥有高超的技能和丰富的经验。,1,no mistake,no correction needed,no correction needed,no answer needed
kung_fu_25.jpg,IBQ,China_IBQ.xlsx,kung_fu,拳击沙袋的用途是什么？,(A) 为战斗进行训练。 (B) 练习并提高踢球的力量和技巧。 (C) 为了改善平衡能力。 (D) 为了炫耀技能。,练习并提高踢球的力量和技巧。,0,"The question asks about the purpose of a boxing bag, but the image shows a person kicking a bag that looks more like a martial arts target than a traditional boxing bag. The correct answer refers to kicking, which aligns with the image, but the question itself is misleading. Also, option (B) says '踢球' (kicking a ball), which doesn't make sense in this context.",踢击沙袋的用途是什么？,(A) 为格斗训练。(B) 练习并提高踢击的力量和技巧。(C) 为了改善平衡能力。(D) 为了炫耀技能。,练习并提高踢击的力量和技巧。
kung_fu_25.jpg,IBQ,China_IBQ.xlsx,kung_fu,这位从业者穿的是什么类型的服装？,(A) 一套正式西装。 (B) 一套传统的中国功夫服。 (C) 一套休闲装扮。 (D) 一件传统的日本道服。,一件传统的日本道服。,1,no mistake,no correction needed,no correction needed,no answer needed
kung_fu_28.jpg,IBQ,China_IBQ.xlsx,kung_fu,这名儿童的穿着有什么显著特点？,(A) 一套休闲装扮。 (B) 一套传统的中国功夫服。 (C) 军装。 (D) 校服。,一套传统的中国功夫服。,1,no mistake,no correction needed,no correction needed,no answer needed
kung_fu_28.jpg,IBQ,China_IBQ.xlsx,kung_fu,孩子的面部表情表明了什么？,(A) 他很放松。 (B) 他全神贯注，神情严肃。 (C) 他很困惑。 (D) 他很高兴。,他全神贯注，神情严肃。,1,no mistake,no correction needed,no correction needed,no answer needed
kung_fu_28.jpg,IBQ,China_IBQ.xlsx,kung_fu,孩子摆出了高踢腿的姿势。这说明他练习的是什么武术？,(A) 它是一种非常静态且以防守为主的武术。 (B) 它是一种充满活力、技巧性强的武术。 (C) 它是一种缓慢而柔和的武术。 (D) 这是一种非常简单的武术。,它是一种充满活力、技巧性强的武术。,1,no mistake,no correction needed,no correction needed,no answer needed
kung_fu_28.jpg,IBQ,China_IBQ.xlsx,kung_fu,从这张图片中可以推断出这款游戏具有怎样的文化意义？,(A) 这是一项成人运动。 (B) 这是一项孩子们可以学习和享受的运动。 (C) 这项运动对孩子来说太难了。 (D) 这是一项被遗忘的运动。,这是一项孩子们可以学习和享受的运动。,1,no mistake,no correction needed,no correction needed,no answer needed
kung_fu_36.jpg,IBQ,China_IBQ.xlsx,kung_fu,同步动作的目的是什么？,(A) 展示一场精心编排的打斗场面。 (B) 展示一段舞蹈动作。 (C) 为了展示团队合作和共同形式。 (D) 展示两种不同的武术。,为了展示团队合作和共同形式。,1,no mistake,no correction needed,no correction needed,no answer needed
kung_fu_36.jpg,IBQ,China_IBQ.xlsx,kung_fu,这张图片的整体美感如何？,(A) 一张逼真的照片。 (B) 一幅数码绘画作品。 (C) 卡通片。 (D) 铅笔画。,一幅数码绘画作品。,1,no mistake,no correction needed,no correction needed,no answer needed
kung_fu_41.jpg,IBQ,China_IBQ.xlsx,kung_fu,背景中的人群暗示着什么？,(A) 这是一次私人练习。 (B) 这是一场公开示威或表演。 (C) 这是一次军事训练。 (D) 这是一门私人课程。,这是一场公开示威或表演。,1,no mistake,no correction needed,no correction needed,no answer needed
kung_fu_41.jpg,IBQ,China_IBQ.xlsx,kung_fu,从从业者所接受的培训中可以推断出他们的哪些特质？,(A) 他们才刚刚开始日常训练。 (B) 他们正在表演一套复杂而高难度的杂技动作。 (C) 他们在休息。 (D) 他们正在执行一个简单的例行程序。,他们正在表演一套复杂而高难度的杂技动作。,1,no mistake,no correction needed,no correction needed,no answer needed
kung_fu_30.jpg,IBQ,China_IBQ.xlsx,kung_fu,这个人练习的是哪种武术？,(A) 功夫 (B) 空手道 (C) 柔道 (D) 巴西柔术,巴西柔术,1,no mistake,no correction needed,no correction needed,no answer needed
kung_fu_30.jpg,IBQ,China_IBQ.xlsx,kung_fu,制服的目的是什么？,(A) 保护佩戴者免受撞击。 (B) 提供一件结实耐用的服装，用于格斗和投掷。 (C) 为了显得专业。 (D) 为了让穿着者保持温暖。,提供一件结实耐用的服装，用于格斗和投掷。,1,no mistake,no correction needed,no correction needed,no answer needed
kung_fu_30.jpg,IBQ,China_IBQ.xlsx,kung_fu,这套制服的一个显著特点是什么？,(A) 它由轻质材料制成。 (B) 这是一套非常厚重的绗缝制服。 (C) 这是一件轻盈飘逸的制服。 (D) 就是一件简单的T恤和裤子。,这是一套非常厚重的绗缝制服。,1,no mistake,no correction needed,no correction needed,no answer needed
kung_fu_30.jpg,IBQ,China_IBQ.xlsx,kung_fu,这个人系着一条白腰带。这代表什么？,(A) 他们是武术大师。 (B) 他们是初学者。 (C) 他们是专业人士。 (D) 他们是教练。,他们是初学者。,1,no mistake,no correction needed,no correction needed,no answer needed
kung_fu_33.jpg,IBQ,China_IBQ.xlsx,kung_fu,这些儿童服装的一个显著特点是什么？,(A) 他们穿着休闲服装。 (B) 他们身穿军装。 (C) 他们身穿传统的少林僧袍。 (D) 他们穿着现代运动装备。,他们身穿传统的少林僧袍。,1,no mistake,no correction needed,no correction needed,no answer needed
kung_fu_33.jpg,IBQ,China_IBQ.xlsx,kung_fu,低而宽的站姿有什么目的？,(A) 增强平衡能力和腿部力量。 (B) 为冲刺做准备。 (C) 休息。 (D) 为了显得更具威慑力。,增强平衡能力和腿部力量。,1,no mistake,no correction needed,no correction needed,no answer needed
kung_fu_33.jpg,IBQ,China_IBQ.xlsx,kung_fu,孩子们都摆着同样的姿势。这说明他们的训练方式有什么问题？,(A) 它非常严格，纪律严明。 (B) 这是一次非正式的训练课。 (C) 这是一款儿童游戏。 (D) 这是一项单人练习。,它非常严格，纪律严明。,1,no mistake,no correction needed,no correction needed,no answer needed
kung_fu_43.jpg,IBQ,China_IBQ.xlsx,kung_fu,右边的练习者手持一根又长又直的武器。那是什么武器？,(A) 武士刀 (B) 简 (C) 佩剑 (D) 博员工,简,1,no mistake,no correction needed,no correction needed,no answer needed
kung_fu_43.jpg,IBQ,China_IBQ.xlsx,kung_fu,图像中模糊和风格化的线条有什么作用？,(A) 表现出注意力不集中。 (B) 展现练习者的动作和速度。 (C) 使图像看起来像卡通。 (D) 使图像看起来像一幅画。,展现练习者的动作和速度。,1,no mistake,no correction needed,no correction needed,no answer needed
kung_fu_45.jpg,IBQ,China_IBQ.xlsx,kung_fu,武术哲学的核心要素是什么？,(A) 侧重于直接对抗。 (B) 力量与优雅的完美平衡。 (C) 使用蛮力。 (D) 重点放在防守上。,力量与优雅的完美平衡。,1,no mistake,no correction needed,no correction needed,no answer needed
kung_fu_46.jpg,IBQ,China_IBQ.xlsx,kung_fu,本次培训课程的地点是哪里？,(A) 一个大型露天体育场。 (B) 室内工作室或培训厅。 (C) 一座乡村寺庙。 (D) 一个公共公园。,室内工作室或培训厅。,0,"The question asks about the location of the training course, but the image clearly shows a temple or a hall within a temple, where people are practicing martial arts. The correct answer should reflect this. The provided correct answer (室内工作室或培训厅) is not the best fit based on the image.",本次培训课程的地点是在哪里？,"['(A) 一个大型露天体育场。', '(B) 寺庙或道馆内的训练厅。', '(C) 一个乡村寺庙的院落。', '(D) 一个公共公园。']",寺庙或道馆内的训练厅。
kung_fu_46.jpg,IBQ,China_IBQ.xlsx,kung_fu,前景中的人是唯一一个穿着不同颜色制服的人。他可能扮演什么角色？,(A) 一名新生。 (B) 一名旁观者。 (C) 指导老师或师傅。 (D) 一位客人。,指导老师或师傅。,1,no mistake,no correction needed,no correction needed,no answer needed
kung_fu_59.jpg,IBQ,China_IBQ.xlsx,kung_fu,孩子摆出了一个平衡的单腿站立姿势。这说明这种武术有什么特点？,(A) 它非常静态且偏向防御。 (B) 这需要高度的平衡感和专注力。 (C) 它是一种缓慢而柔和的武术。 (D) 这是一种非常简单的武术。,这需要高度的平衡感和专注力。,1,no mistake,no correction needed,no correction needed,no answer needed
kung_fu_59.jpg,IBQ,China_IBQ.xlsx,kung_fu,工作室设置的目的是什么？,(A) 这是一个很现实的地点。 (B) 这是一个正式的、受控的环境。 (C) 这是一种非正式的做法。 (D) 这是一门私人课程。,这是一个正式的、受控的环境。,1,no mistake,no correction needed,no correction needed,no answer needed
kung_fu_60.jpg,IBQ,China_IBQ.xlsx,kung_fu,背景中可以看到中国和美国的国旗。这暗示着什么？,(A) 该活动在美国举行。 (B) 本次活动是中美文化交流活动。 (C) 本次活动在中国举行。 (D) 这是一场阅兵式。,本次活动是中美文化交流活动。,1,no mistake,no correction needed,no correction needed,no answer needed
kung_fu_60.jpg,IBQ,China_IBQ.xlsx,kung_fu,背景建筑上的汉字是什么？,(A) “龙” (B) “寺庙” (C) 少林寺 (D) “功夫”,少林寺,1,no mistake,no correction needed,no correction needed,no answer needed
kung_fu_62.jpg,IBQ,China_IBQ.xlsx,kung_fu,孩子站在一根小木杆上。这样做的目的是什么？,(A) 表演一个简单的魔术。 (B) 展现出高度的平衡能力。 (C) 为了炫耀他的鞋子。 (D) 休息。,展现出高度的平衡能力。,1,no mistake,no correction needed,no correction needed,no answer needed
kung_fu_62.jpg,IBQ,China_IBQ.xlsx,kung_fu,背景是一座中国传统建筑。这暗示着什么？,(A) 这件事就像电影场景一样。 (B) 活动在一座传统的中国寺庙举行。 (C) 这是一场现代示威活动。 (D) 这项活动属于非正式练习。,活动在一座传统的中国寺庙举行。,1,no mistake,no correction needed,no correction needed,no answer needed
kung_fu_79.jpg,IBQ,China_IBQ.xlsx,kung_fu,图片中展示的是哪种武术？,(A) 功夫 (B) 空手道 (C) 柔道 (D) 合气道,合气道,1,no mistake,no correction needed,no correction needed,no answer needed
kung_fu_79.jpg,IBQ,China_IBQ.xlsx,kung_fu,这里展示的武术与功夫有什么显著区别？,(A) 使用制服。 (B) 徒手使用。 (C) 重点在于关节技、投技和利用对手的力量。 (D) 重点在于打击和踢击。,重点在于关节技、投技和利用对手的力量。,1,no mistake,no correction needed,no correction needed,no answer needed
kung_fu_79.jpg,IBQ,China_IBQ.xlsx,kung_fu,右边的人在空中。这说明这种武术有什么特点？,(A) 它包含很多跳跃动作。 (B) 它包括投掷和摔倒动作。 (C) 它是一种非常讲究技巧的武术。 (D) 这是一种非常简单的武术。,它包括投掷和摔倒动作。,0,"The correct answer provided is incorrect based on the image. The image clearly depicts a Judo throw, involving a lifting and throwing motion, not simply throwing and falling. Option A, 'It contains many jumping actions', is more accurate as the throw involves a dynamic upward movement and the person being thrown is airborne.",右边的人在空中，正在被抛起。这说明这种武术有什么特点？,"['(A) 它包含很多跳跃和抛掷动作。', '(B) 它包括投掷和摔倒动作。', '(C) 它是一种非常讲究技巧的武术。', '(D) 这是一种非常简单的武术。']",(A) 它包含很多跳跃和抛掷动作。
kung_fu_79.jpg,IBQ,China_IBQ.xlsx,kung_fu,这些修行者身穿传统服饰。请问这套服饰叫什么名字？,(A) 制服 (B) 一个吉 (C) 一件长袍 (D) 一套西装,一个吉,1,no mistake,no correction needed,no correction needed,no answer needed
kung_fu_79.jpg,IBQ,China_IBQ.xlsx,kung_fu,这张图片传达了怎样的整体氛围？,(A) 竞争激烈、充满挑战的氛围。 (B) 轻松悠闲的氛围。 (C) 纪律严明、专注高效的训练氛围。 (D) 气氛混乱无序。,纪律严明、专注高效的训练氛围。,1,no mistake,no correction needed,no correction needed,no answer needed
